Spectra,type,gv_fraction,npv_fraction,soil_fraction,gv_em,npv_em,soil_em,VZA,DateTOD_HHMM_DD_MM_YY,Tillage,RWC,Cloud,Atmo,Sensor,SNR,900,910,920,930,940,950,960,970,980,990,1000,1010,1020,1030,1040,1050,1060,1070,1080,1090,1100,1110,1120,1130,1140,1150,1160,1170,1180,1190,1200,1210,1220,1230,1240,1250,1260,1270,1280,1290,1300,1310,1320,1330,1340,1350,1360,1370,1380,1390,1400,1410,1420,1430,1440,1450,1460,1470,1480,1490,1500,1510,1520,1530,1540,1550,1560,1570,1580,1590,1600,1610,1620,1630,1640,1650,1660,1670,1680,1690
ISPRS26_0,BOA,0,0.0,1.0,None,None,215,NaN,1500_15_05_26,None,NaN,None,Mid-Lat Spring,FINCH_ISPRS,NaN,0.467,0.468,0.474,0.483,0.483,0.482,0.479,0.479,0.479,0.477,0.476,0.477,0.48,0.482,0.484,0.486,0.489,0.491,0.494,0.499,0.506,0.52,0.525,0.523,0.521,0.515,0.513,0.514,0.515,0.516,0.517,0.518,0.518,0.519,0.52,0.522,0.523,0.523,0.524,0.526,0.529,0.532,0.536,0.54,0.545,0.521,0.512,0.527,0.568,0.562,0.552,0.548,0.545,0.545,0.538,0.535,0.538,0.535,0.53,0.526,0.526,0.526,0.526,0.527,0.528,0.529,0.53,0.53,0.531,0.532,0.533,0.533,0.533,0.534,0.534,0.534,0.535,0.535,0.536,0.537
ISPRS26_1,BOA,0,0.0,1.0,None,None,457,NaN,1500_15_05_26,None,NaN,None,Mid-Lat Spring,FINCH_ISPRS,NaN,0.233,0.235,0.242,0.248,0.25,0.25,0.249,0.25,0.252,0.25,0.247,0.249,0.251,0.253,0.256,0.258,0.259,0.262,0.264,0.267,0.272,0.28,0.284,0.283,0.284,0.282,0.281,0.282,0.283,0.284,0.286,0.287,0.288,0.289,0.291,0.293,0.295,0.295,0.296,0.298,0.301,0.303,0.307,0.31,0.316,0.331,0.364,0.371,0.366,0.351,0.334,0.323,0.318,0.316,0.312,0.309,0.311,0.311,0.308,0.307,0.307,0.307,0.308,0.31,0.311,0.312,0.313,0.315,0.316,0.317,0.318,0.319,0.319,0.32,0.32,0.32,0.32,0.32,0.321,0.321
ISPRS26_2,BOA,0,0.0,1.0,None,None,459,NaN,1500_15_05_26,None,NaN,None,Mid-Lat Spring,FINCH_ISPRS,NaN,0.252,0.254,0.26,0.266,0.268,0.268,0.267,0.267,0.268,0.267,0.265,0.267,0.269,0.271,0.273,0.274,0.276,0.278,0.28,0.283,0.288,0.296,0.3,0.299,0.299,0.296,0.295,0.295,0.296,0.297,0.298,0.299,0.3,0.301,0.302,0.304,0.305,0.306,0.307,0.308,0.31,0.313,0.316,0.319,0.327,0.342,0.369,0.419,0.404,0.376,0.351,0.337,0.33,0.329,0.323,0.32,0.322,0.321,0.318,0.316,0.316,0.316,0.316,0.317,0.318,0.319,0.32,0.321,0.322,0.323,0.324,0.324,0.325,0.325,0.326,0.326,0.326,0.326,0.327,0.327
ISPRS26_3,BOA,0,0.0,1.0,None,None,460,NaN,1500_15_05_26,None,NaN,None,Mid-Lat Spring,FINCH_ISPRS,NaN,0.245,0.248,0.253,0.259,0.261,0.26,0.259,0.26,0.261,0.262,0.263,0.265,0.267,0.269,0.271,0.273,0.275,0.277,0.279,0.282,0.286,0.294,0.299,0.298,0.298,0.295,0.294,0.295,0.296,0.297,0.298,0.298,0.299,0.3,0.302,0.303,0.305,0.305,0.306,0.308,0.31,0.312,0.315,0.318,0.326,0.338,0.341,0.368,0.372,0.367,0.35,0.338,0.333,0.331,0.325,0.322,0.324,0.323,0.32,0.317,0.316,0.317,0.317,0.318,0.319,0.32,0.321,0.322,0.323,0.324,0.325,0.326,0.326,0.327,0.327,0.328,0.328,0.328,0.329,0.329
ISPRS26_4,BOA,0,1.0,0.0,None,73,None,NaN,1500_15_05_26,None,NaN,None,Mid-Lat Spring,FINCH_ISPRS,NaN,0.286,0.288,0.293,0.297,0.299,0.301,0.302,0.304,0.306,0.31,0.316,0.319,0.321,0.324,0.326,0.329,0.332,0.334,0.337,0.341,0.346,0.351,0.355,0.356,0.357,0.357,0.358,0.36,0.362,0.364,0.366,0.37,0.373,0.376,0.38,0.384,0.387,0.39,0.393,0.396,0.399,0.403,0.407,0.409,0.412,0.412,0.425,0.435,0.425,0.411,0.399,0.388,0.381,0.377,0.376,0.376,0.379,0.38,0.382,0.385,0.39,0.395,0.4,0.404,0.407,0.411,0.415,0.419,0.423,0.429,0.434,0.439,0.444,0.448,0.45,0.451,0.45,0.447,0.444,0.441
ISPRS26_5,BOA,0,1.0,0.0,None,76,None,NaN,1500_15_05_26,None,NaN,None,Mid-Lat Spring,FINCH_ISPRS,NaN,0.271,0.273,0.277,0.281,0.283,0.284,0.285,0.287,0.288,0.292,0.296,0.299,0.301,0.304,0.307,0.309,0.311,0.314,0.316,0.32,0.324,0.33,0.333,0.335,0.335,0.335,0.335,0.337,0.339,0.341,0.343,0.346,0.35,0.353,0.356,0.36,0.363,0.366,0.369,0.371,0.374,0.378,0.382,0.386,0.392,0.406,0.399,0.409,0.403,0.396,0.386,0.374,0.366,0.362,0.36,0.362,0.364,0.366,0.367,0.37,0.375,0.379,0.384,0.388,0.392,0.395,0.399,0.403,0.407,0.413,0.418,0.423,0.428,0.432,0.435,0.436,0.436,0.433,0.431,0.429
ISPRS26_6,BOA,0,0.0,1.0,None,None,0.25*215+0.25*457+0.25*459+0.25*460,NaN,1500_15_05_26,None,NaN,None,Mid-Lat Spring,FINCH_ISPRS,NaN,0.299,0.301,0.307,0.314,0.315,0.315,0.314,0.314,0.315,0.314,0.313,0.315,0.317,0.319,0.321,0.323,0.325,0.327,0.329,0.333,0.338,0.347,0.352,0.351,0.351,0.347,0.346,0.346,0.348,0.349,0.35,0.351,0.351,0.352,0.354,0.355,0.357,0.357,0.358,0.36,0.362,0.365,0.368,0.372,0.378,0.383,0.397,0.421,0.427,0.414,0.397,0.386,0.381,0.38,0.375,0.372,0.374,0.372,0.369,0.366,0.366,0.366,0.367,0.368,0.369,0.37,0.371,0.372,0.373,0.374,0.375,0.375,0.376,0.376,0.377,0.377,0.377,0.378,0.378,0.378
ISPRS26_7,BOA,0,0.1,0.9,None,73,0.25*215+0.25*457+0.25*459+0.25*460,NaN,1500_15_05_26,None,NaN,None,Mid-Lat Spring,FINCH_ISPRS,NaN,0.00769,0.00782,0.00809,0.00838,0.00849,0.00853,0.00853,0.0086,0.00868,0.00877,0.00889,0.00902,0.00915,0.00929,0.00942,0.00957,0.00971,0.00984,0.01,0.0102,0.0105,0.011,0.0112,0.0112,0.0113,0.0112,0.0111,0.0112,0.0113,0.0114,0.0115,0.0117,0.0118,0.0119,0.0121,0.0123,0.0124,0.0125,0.0127,0.0128,0.013,0.0132,0.0135,0.0137,0.014,0.0142,0.0152,0.0165,0.0164,0.0153,0.0143,0.0135,0.0131,0.0129,0.0127,0.0126,0.0127,0.0127,0.0127,0.0127,0.0129,0.013,0.0132,0.0134,0.0135,0.0137,0.0139,0.014,0.0142,0.0144,0.0146,0.0148,0.015,0.0152,0.0153,0.0153,0.0153,0.0152,0.0151,0.015
ISPRS26_8,BOA,0,0.1,0.9,None,76,0.25*215+0.25*457+0.25*459+0.25*460,NaN,1500_15_05_26,None,NaN,None,Mid-Lat Spring,FINCH_ISPRS,NaN,0.00729,0.00741,0.00766,0.00794,0.00803,0.00806,0.00804,0.0081,0.00817,0.00825,0.00835,0.00846,0.00859,0.00873,0.00885,0.00897,0.0091,0.00923,0.00938,0.00958,0.00987,0.0103,0.0106,0.0106,0.0106,0.0105,0.0104,0.0105,0.0106,0.0107,0.0108,0.0109,0.0111,0.0112,0.0113,0.0115,0.0117,0.0118,0.0119,0.012,0.0122,0.0124,0.0127,0.0129,0.0133,0.014,0.0142,0.0155,0.0155,0.0148,0.0138,0.013,0.0126,0.0124,0.0121,0.0121,0.0123,0.0122,0.0122,0.0122,0.0123,0.0125,0.0127,0.0129,0.013,0.0132,0.0133,0.0135,0.0137,0.0139,0.0141,0.0143,0.0145,0.0146,0.0148,0.0148,0.0148,0.0147,0.0147,0.0146
ISPRS26_9,BOA,0,0.2,0.8,None,73,0.25*215+0.25*457+0.25*459+0.25*460,NaN,1500_15_05_26,None,NaN,None,Mid-Lat Spring,FINCH_ISPRS,NaN,0.0137,0.0139,0.0144,0.0149,0.0151,0.0152,0.0152,0.0153,0.0154,0.0156,0.0158,0.016,0.0163,0.0165,0.0167,0.017,0.0173,0.0175,0.0178,0.0182,0.0187,0.0195,0.02,0.02,0.02,0.0199,0.0198,0.0199,0.0201,0.0203,0.0205,0.0207,0.021,0.0212,0.0215,0.0218,0.0221,0.0223,0.0225,0.0228,0.0232,0.0235,0.024,0.0244,0.025,0.0253,0.027,0.0293,0.0291,0.0272,0.0254,0.024,0.0233,0.023,0.0225,0.0224,0.0226,0.0227,0.0226,0.0226,0.0229,0.0232,0.0235,0.0238,0.024,0.0243,0.0246,0.0249,0.0252,0.0256,0.026,0.0264,0.0267,0.027,0.0272,0.0272,0.0272,0.027,0.0268,0.0267
ISPRS26_10,BOA,0,0.2,0.8,None,76,0.25*215+0.25*457+0.25*459+0.25*460,NaN,1500_15_05_26,None,NaN,None,Mid-Lat Spring,FINCH_ISPRS,NaN,0.013,0.0132,0.0136,0.0141,0.0143,0.0143,0.0143,0.0144,0.0145,0.0147,0.0148,0.015,0.0153,0.0155,0.0157,0.016,0.0162,0.0164,0.0167,0.017,0.0175,0.0184,0.0188,0.0188,0.0188,0.0186,0.0186,0.0187,0.0188,0.019,0.0192,0.0194,0.0196,0.0199,0.0202,0.0205,0.0207,0.0209,0.0211,0.0214,0.0217,0.0221,0.0225,0.023,0.0237,0.0249,0.0253,0.0276,0.0275,0.0263,0.0245,0.0231,0.0224,0.0221,0.0216,0.0215,0.0218,0.0218,0.0217,0.0217,0.0219,0.0222,0.0225,0.0228,0.0231,0.0234,0.0237,0.024,0.0243,0.0247,0.0251,0.0254,0.0258,0.026,0.0262,0.0263,0.0263,0.0262,0.0261,0.026
ISPRS26_11,BOA,0,0.3,0.7,None,73,0.25*215+0.25*457+0.25*459+0.25*460,NaN,1500_15_05_26,None,NaN,None,Mid-Lat Spring,FINCH_ISPRS,NaN,0.0179,0.0183,0.0189,0.0195,0.0198,0.0199,0.0199,0.0201,0.0202,0.0205,0.0207,0.021,0.0213,0.0217,0.022,0.0223,0.0227,0.023,0.0233,0.0239,0.0245,0.0256,0.0262,0.0262,0.0263,0.0261,0.026,0.0262,0.0264,0.0266,0.0269,0.0272,0.0275,0.0278,0.0282,0.0286,0.029,0.0293,0.0296,0.0299,0.0304,0.0309,0.0315,0.032,0.0327,0.0332,0.0354,0.0385,0.0382,0.0357,0.0333,0.0315,0.0305,0.0301,0.0295,0.0294,0.0297,0.0297,0.0296,0.0297,0.03,0.0304,0.0308,0.0312,0.0316,0.032,0.0323,0.0327,0.0331,0.0337,0.0342,0.0346,0.035,0.0354,0.0356,0.0357,0.0357,0.0354,0.0352,0.035
ISPRS26_12,BOA,0,0.3,0.7,None,76,0.25*215+0.25*457+0.25*459+0.25*460,NaN,1500_15_05_26,None,NaN,None,Mid-Lat Spring,FINCH_ISPRS,NaN,0.017,0.0173,0.0179,0.0185,0.0187,0.0188,0.0188,0.0189,0.0191,0.0193,0.0195,0.0197,0.02,0.0204,0.0207,0.0209,0.0212,0.0215,0.0219,0.0224,0.023,0.0241,0.0246,0.0246,0.0247,0.0244,0.0243,0.0245,0.0247,0.025,0.0252,0.0255,0.0258,0.0261,0.0264,0.0269,0.0272,0.0275,0.0277,0.0281,0.0285,0.029,0.0296,0.0301,0.0311,0.0326,0.0332,0.0362,0.0362,0.0345,0.0322,0.0304,0.0293,0.0289,0.0283,0.0282,0.0286,0.0286,0.0285,0.0285,0.0288,0.0292,0.0296,0.03,0.0304,0.0307,0.0311,0.0315,0.0319,0.0324,0.0329,0.0333,0.0338,0.0342,0.0344,0.0346,0.0345,0.0344,0.0342,0.0341
ISPRS26_13,BOA,0,0.4,0.6,None,73,0.25*215+0.25*457+0.25*459+0.25*460,NaN,1500_15_05_26,None,NaN,None,Mid-Lat Spring,FINCH_ISPRS,NaN,0.0205,0.0209,0.0216,0.0223,0.0226,0.0228,0.0228,0.0229,0.0231,0.0234,0.0237,0.0241,0.0244,0.0248,0.0251,0.0255,0.0259,0.0262,0.0267,0.0273,0.028,0.0293,0.03,0.03,0.0301,0.0298,0.0297,0.0299,0.0302,0.0304,0.0308,0.0311,0.0314,0.0318,0.0322,0.0327,0.0332,0.0334,0.0338,0.0342,0.0347,0.0353,0.036,0.0366,0.0374,0.0379,0.0405,0.044,0.0436,0.0408,0.038,0.036,0.0349,0.0345,0.0338,0.0336,0.0339,0.034,0.0339,0.0339,0.0343,0.0347,0.0352,0.0356,0.0361,0.0365,0.037,0.0374,0.0379,0.0385,0.0391,0.0396,0.0401,0.0404,0.0407,0.0408,0.0407,0.0405,0.0402,0.0401
ISPRS26_14,BOA,0,0.4,0.6,None,76,0.25*215+0.25*457+0.25*459+0.25*460,NaN,1500_15_05_26,None,NaN,None,Mid-Lat Spring,FINCH_ISPRS,NaN,0.0194,0.0198,0.0204,0.0212,0.0214,0.0215,0.0214,0.0216,0.0218,0.022,0.0223,0.0226,0.0229,0.0233,0.0236,0.0239,0.0243,0.0246,0.025,0.0256,0.0263,0.0275,0.0282,0.0282,0.0282,0.0279,0.0278,0.028,0.0283,0.0286,0.0288,0.0291,0.0295,0.0298,0.0302,0.0307,0.0311,0.0314,0.0317,0.0321,0.0326,0.0331,0.0338,0.0344,0.0356,0.0373,0.038,0.0414,0.0413,0.0394,0.0367,0.0347,0.0335,0.0331,0.0324,0.0323,0.0327,0.0327,0.0325,0.0326,0.0329,0.0333,0.0338,0.0343,0.0347,0.0351,0.0356,0.036,0.0364,0.037,0.0376,0.0381,0.0386,0.0391,0.0393,0.0395,0.0394,0.0393,0.0391,0.039
ISPRS26_15,BOA,0,0.5,0.5,None,73,0.25*215+0.25*457+0.25*459+0.25*460,NaN,1500_15_05_26,None,NaN,None,Mid-Lat Spring,FINCH_ISPRS,NaN,0.0214,0.0217,0.0225,0.0233,0.0236,0.0237,0.0237,0.0239,0.0241,0.0244,0.0247,0.0251,0.0254,0.0258,0.0262,0.0266,0.027,0.0273,0.0278,0.0284,0.0292,0.0305,0.0312,0.0312,0.0313,0.031,0.0309,0.0312,0.0314,0.0317,0.032,0.0324,0.0328,0.0331,0.0336,0.0341,0.0345,0.0348,0.0352,0.0357,0.0362,0.0368,0.0375,0.0381,0.039,0.0395,0.0421,0.0458,0.0454,0.0425,0.0396,0.0375,0.0363,0.0359,0.0352,0.0349,0.0354,0.0354,0.0353,0.0353,0.0357,0.0362,0.0367,0.0371,0.0376,0.038,0.0385,0.0389,0.0394,0.0401,0.0407,0.0412,0.0417,0.0421,0.0424,0.0425,0.0424,0.0422,0.0419,0.0417
ISPRS26_16,BOA,0,0.5,0.5,None,76,0.25*215+0.25*457+0.25*459+0.25*460,NaN,1500_15_05_26,None,NaN,None,Mid-Lat Spring,FINCH_ISPRS,NaN,0.0202,0.0206,0.0213,0.022,0.0223,0.0224,0.0223,0.0225,0.0227,0.0229,0.0232,0.0235,0.0239,0.0242,0.0246,0.0249,0.0253,0.0256,0.026,0.0266,0.0274,0.0287,0.0293,0.0293,0.0294,0.0291,0.029,0.0292,0.0294,0.0298,0.03,0.0304,0.0307,0.0311,0.0315,0.032,0.0324,0.0327,0.033,0.0334,0.0339,0.0345,0.0352,0.0359,0.0371,0.0388,0.0396,0.0431,0.043,0.041,0.0383,0.0361,0.0349,0.0345,0.0337,0.0336,0.034,0.034,0.0339,0.0339,0.0343,0.0347,0.0352,0.0357,0.0361,0.0366,0.037,0.0375,0.038,0.0386,0.0392,0.0397,0.0402,0.0407,0.041,0.0411,0.0411,0.0409,0.0407,0.0406
ISPRS26_17,BOA,0,0.6,0.4,None,73,0.25*215+0.25*457+0.25*459+0.25*460,NaN,1500_15_05_26,None,NaN,None,Mid-Lat Spring,FINCH_ISPRS,NaN,0.0205,0.0209,0.0216,0.0223,0.0226,0.0228,0.0228,0.0229,0.0231,0.0234,0.0237,0.0241,0.0244,0.0248,0.0251,0.0255,0.0259,0.0262,0.0267,0.0273,0.028,0.0293,0.03,0.03,0.0301,0.0298,0.0297,0.0299,0.0302,0.0304,0.0308,0.0311,0.0314,0.0318,0.0322,0.0327,0.0332,0.0334,0.0338,0.0342,0.0347,0.0353,0.036,0.0366,0.0374,0.0379,0.0405,0.044,0.0436,0.0408,0.038,0.036,0.0349,0.0345,0.0338,0.0336,0.0339,0.034,0.0339,0.0339,0.0343,0.0347,0.0352,0.0356,0.0361,0.0365,0.037,0.0374,0.0379,0.0385,0.0391,0.0396,0.0401,0.0404,0.0407,0.0408,0.0407,0.0405,0.0402,0.0401
ISPRS26_18,BOA,0,0.6,0.4,None,76,0.25*215+0.25*457+0.25*459+0.25*460,NaN,1500_15_05_26,None,NaN,None,Mid-Lat Spring,FINCH_ISPRS,NaN,0.0194,0.0198,0.0204,0.0212,0.0214,0.0215,0.0214,0.0216,0.0218,0.022,0.0223,0.0226,0.0229,0.0233,0.0236,0.0239,0.0243,0.0246,0.025,0.0256,0.0263,0.0275,0.0282,0.0282,0.0282,0.0279,0.0278,0.028,0.0283,0.0286,0.0288,0.0291,0.0295,0.0298,0.0302,0.0307,0.0311,0.0314,0.0317,0.0321,0.0326,0.0331,0.0338,0.0344,0.0356,0.0373,0.038,0.0414,0.0413,0.0394,0.0367,0.0347,0.0335,0.0331,0.0324,0.0323,0.0327,0.0327,0.0325,0.0326,0.0329,0.0333,0.0338,0.0343,0.0347,0.0351,0.0356,0.036,0.0364,0.037,0.0376,0.0381,0.0386,0.0391,0.0393,0.0395,0.0394,0.0393,0.0391,0.039
ISPRS26_19,BOA,0,0.7,0.3,None,73,0.25*215+0.25*457+0.25*459+0.25*460,NaN,1500_15_05_26,None,NaN,None,Mid-Lat Spring,FINCH_ISPRS,NaN,0.0179,0.0183,0.0189,0.0195,0.0198,0.0199,0.0199,0.0201,0.0202,0.0205,0.0207,0.021,0.0213,0.0217,0.022,0.0223,0.0227,0.023,0.0233,0.0239,0.0245,0.0256,0.0262,0.0262,0.0263,0.0261,0.026,0.0262,0.0264,0.0266,0.0269,0.0272,0.0275,0.0278,0.0282,0.0286,0.029,0.0293,0.0296,0.0299,0.0304,0.0309,0.0315,0.032,0.0327,0.0332,0.0354,0.0385,0.0382,0.0357,0.0333,0.0315,0.0305,0.0301,0.0295,0.0294,0.0297,0.0297,0.0296,0.0297,0.03,0.0304,0.0308,0.0312,0.0316,0.032,0.0323,0.0327,0.0331,0.0337,0.0342,0.0346,0.035,0.0354,0.0356,0.0357,0.0357,0.0354,0.0352,0.035
ISPRS26_20,BOA,0,0.7,0.3,None,76,0.25*215+0.25*457+0.25*459+0.25*460,NaN,1500_15_05_26,None,NaN,None,Mid-Lat Spring,FINCH_ISPRS,NaN,0.017,0.0173,0.0179,0.0185,0.0187,0.0188,0.0188,0.0189,0.0191,0.0193,0.0195,0.0197,0.02,0.0204,0.0207,0.0209,0.0212,0.0215,0.0219,0.0224,0.023,0.0241,0.0246,0.0246,0.0247,0.0244,0.0243,0.0245,0.0247,0.025,0.0252,0.0255,0.0258,0.0261,0.0264,0.0269,0.0272,0.0275,0.0277,0.0281,0.0285,0.029,0.0296,0.0301,0.0311,0.0326,0.0332,0.0362,0.0362,0.0345,0.0322,0.0304,0.0293,0.0289,0.0283,0.0282,0.0286,0.0286,0.0285,0.0285,0.0288,0.0292,0.0296,0.03,0.0304,0.0307,0.0311,0.0315,0.0319,0.0324,0.0329,0.0333,0.0338,0.0342,0.0344,0.0346,0.0345,0.0344,0.0342,0.0341
ISPRS26_21,BOA,0,0.8,0.2,None,73,0.25*215+0.25*457+0.25*459+0.25*460,NaN,1500_15_05_26,None,NaN,None,Mid-Lat Spring,FINCH_ISPRS,NaN,0.0137,0.0139,0.0144,0.0149,0.0151,0.0152,0.0152,0.0153,0.0154,0.0156,0.0158,0.016,0.0163,0.0165,0.0167,0.017,0.0173,0.0175,0.0178,0.0182,0.0187,0.0195,0.02,0.02,0.02,0.0199,0.0198,0.0199,0.0201,0.0203,0.0205,0.0207,0.021,0.0212,0.0215,0.0218,0.0221,0.0223,0.0225,0.0228,0.0232,0.0235,0.024,0.0244,0.025,0.0253,0.027,0.0293,0.0291,0.0272,0.0254,0.024,0.0233,0.023,0.0225,0.0224,0.0226,0.0227,0.0226,0.0226,0.0229,0.0232,0.0235,0.0238,0.024,0.0243,0.0246,0.0249,0.0252,0.0256,0.026,0.0264,0.0267,0.027,0.0272,0.0272,0.0272,0.027,0.0268,0.0267
ISPRS26_22,BOA,0,0.8,0.2,None,76,0.25*215+0.25*457+0.25*459+0.25*460,NaN,1500_15_05_26,None,NaN,None,Mid-Lat Spring,FINCH_ISPRS,NaN,0.013,0.0132,0.0136,0.0141,0.0143,0.0143,0.0143,0.0144,0.0145,0.0147,0.0148,0.015,0.0153,0.0155,0.0157,0.016,0.0162,0.0164,0.0167,0.017,0.0175,0.0184,0.0188,0.0188,0.0188,0.0186,0.0186,0.0187,0.0188,0.019,0.0192,0.0194,0.0196,0.0199,0.0202,0.0205,0.0207,0.0209,0.0211,0.0214,0.0217,0.0221,0.0225,0.023,0.0237,0.0249,0.0253,0.0276,0.0275,0.0263,0.0245,0.0231,0.0224,0.0221,0.0216,0.0215,0.0218,0.0218,0.0217,0.0217,0.0219,0.0222,0.0225,0.0228,0.0231,0.0234,0.0237,0.024,0.0243,0.0247,0.0251,0.0254,0.0258,0.026,0.0262,0.0263,0.0263,0.0262,0.0261,0.026
ISPRS26_23,BOA,0,0.9,0.1,None,73,0.25*215+0.25*457+0.25*459+0.25*460,NaN,1500_15_05_26,None,NaN,None,Mid-Lat Spring,FINCH_ISPRS,NaN,0.00769,0.00782,0.00809,0.00838,0.00849,0.00853,0.00853,0.0086,0.00868,0.00877,0.00889,0.00902,0.00915,0.00929,0.00942,0.00957,0.00971,0.00984,0.01,0.0102,0.0105,0.011,0.0112,0.0112,0.0113,0.0112,0.0111,0.0112,0.0113,0.0114,0.0115,0.0117,0.0118,0.0119,0.0121,0.0123,0.0124,0.0125,0.0127,0.0128,0.013,0.0132,0.0135,0.0137,0.014,0.0142,0.0152,0.0165,0.0164,0.0153,0.0143,0.0135,0.0131,0.0129,0.0127,0.0126,0.0127,0.0127,0.0127,0.0127,0.0129,0.013,0.0132,0.0134,0.0135,0.0137,0.0139,0.014,0.0142,0.0144,0.0146,0.0148,0.015,0.0152,0.0153,0.0153,0.0153,0.0152,0.0151,0.015
ISPRS26_24,BOA,0,0.9,0.1,None,76,0.25*215+0.25*457+0.25*459+0.25*460,NaN,1500_15_05_26,None,NaN,None,Mid-Lat Spring,FINCH_ISPRS,NaN,0.00729,0.00741,0.00766,0.00794,0.00803,0.00806,0.00804,0.0081,0.00817,0.00825,0.00835,0.00846,0.00859,0.00873,0.00885,0.00897,0.0091,0.00923,0.00938,0.00958,0.00987,0.0103,0.0106,0.0106,0.0106,0.0105,0.0104,0.0105,0.0106,0.0107,0.0108,0.0109,0.0111,0.0112,0.0113,0.0115,0.0117,0.0118,0.0119,0.012,0.0122,0.0124,0.0127,0.0129,0.0133,0.014,0.0142,0.0155,0.0155,0.0148,0.0138,0.013,0.0126,0.0124,0.0121,0.0121,0.0123,0.0122,0.0122,0.0122,0.0123,0.0125,0.0127,0.0129,0.013,0.0132,0.0133,0.0135,0.0137,0.0139,0.0141,0.0143,0.0145,0.0146,0.0148,0.0148,0.0148,0.0147,0.0147,0.0146
ISPRS26_25,CTOA,0,0.0,1.0,None,None,215,0.0,1500_15_05_26,None,NaN,None,Mid-Lat Spring,FINCH_ISPRS,200.0,0.163,0.179,0.228,0.141,0.135,0.1,0.115,0.234,0.228,0.277,0.281,0.28,0.287,0.295,0.296,0.3,0.302,0.303,0.304,0.289,0.258,0.227,0.0619,0.0579,0.149,0.0974,0.174,0.279,0.29,0.299,0.292,0.317,0.335,0.351,0.364,0.363,0.348,0.317,0.357,0.373,0.334,0.284,0.25,0.182,0.16,0.0146,8.69e-08,1.93e-08,6.82e-06,0.000177,3.88e-06,0.000494,0.00207,0.0702,0.0288,0.0396,0.108,0.0253,0.0606,0.227,0.307,0.353,0.355,0.392,0.404,0.419,0.421,0.404,0.405,0.425,0.415,0.41,0.439,0.44,0.429,0.428,0.437,0.438,0.439,0.414
ISPRS26_26,CTOA,0,0.0,1.0,None,None,457,0.0,1500_15_05_26,None,NaN,None,Mid-Lat Spring,FINCH_ISPRS,200.0,0.182,0.199,0.252,0.156,0.149,0.109,0.126,0.253,0.247,0.301,0.307,0.308,0.317,0.319,0.325,0.326,0.327,0.329,0.329,0.315,0.281,0.244,0.0662,0.0618,0.159,0.106,0.186,0.298,0.31,0.316,0.306,0.339,0.354,0.372,0.383,0.385,0.366,0.334,0.375,0.387,0.353,0.293,0.264,0.189,0.168,0.0152,8.84e-08,2.33e-08,8e-06,0.0002,4.16e-06,0.000524,0.00219,0.0751,0.03,0.0412,0.113,0.0267,0.0629,0.237,0.319,0.364,0.371,0.407,0.424,0.431,0.437,0.413,0.423,0.442,0.425,0.423,0.447,0.448,0.444,0.444,0.45,0.449,0.446,0.429
ISPRS26_27,CTOA,0,0.0,1.0,None,None,459,0.0,1500_15_05_26,None,NaN,None,Mid-Lat Spring,FINCH_ISPRS,200.0,0.174,0.193,0.241,0.15,0.142,0.106,0.12,0.244,0.24,0.295,0.305,0.304,0.313,0.316,0.325,0.328,0.325,0.327,0.327,0.312,0.276,0.243,0.0658,0.0611,0.158,0.106,0.185,0.296,0.31,0.316,0.308,0.34,0.353,0.371,0.381,0.385,0.365,0.331,0.378,0.389,0.352,0.294,0.261,0.188,0.169,0.0146,7.76e-08,1.89e-08,6.97e-06,0.00019,4.11e-06,0.00052,0.00222,0.0756,0.0304,0.0418,0.112,0.0268,0.0632,0.239,0.321,0.367,0.368,0.404,0.424,0.436,0.44,0.414,0.422,0.444,0.43,0.426,0.449,0.454,0.442,0.446,0.458,0.449,0.454,0.426
ISPRS26_28,CTOA,0,0.0,1.0,None,None,460,0.0,1500_15_05_26,None,NaN,None,Mid-Lat Spring,FINCH_ISPRS,200.0,0.214,0.237,0.297,0.18,0.171,0.129,0.15,0.305,0.295,0.372,0.389,0.394,0.405,0.414,0.417,0.427,0.427,0.433,0.429,0.408,0.367,0.318,0.0853,0.0803,0.208,0.14,0.248,0.402,0.417,0.429,0.414,0.468,0.492,0.522,0.541,0.549,0.526,0.479,0.553,0.57,0.522,0.436,0.39,0.28,0.244,0.0204,1.11e-07,2.5e-08,8.76e-06,0.000229,5.11e-06,0.000648,0.00272,0.0923,0.0376,0.0532,0.144,0.0341,0.0837,0.323,0.446,0.524,0.53,0.585,0.613,0.644,0.662,0.631,0.648,0.697,0.686,0.696,0.735,0.757,0.742,0.758,0.768,0.743,0.736,0.69
ISPRS26_29,CTOA,0,1.0,0.0,None,73,None,0.0,1500_15_05_26,None,NaN,None,Mid-Lat Spring,FINCH_ISPRS,200.0,0.198,0.218,0.275,0.166,0.158,0.118,0.138,0.28,0.273,0.341,0.361,0.358,0.366,0.377,0.384,0.387,0.389,0.39,0.387,0.374,0.333,0.285,0.0772,0.0733,0.19,0.127,0.226,0.362,0.38,0.39,0.377,0.418,0.445,0.47,0.488,0.494,0.475,0.435,0.495,0.513,0.468,0.396,0.35,0.253,0.224,0.0199,1e-07,2.25e-08,7.96e-06,0.000214,4.84e-06,0.000618,0.00257,0.0862,0.0355,0.0505,0.135,0.0323,0.0781,0.303,0.419,0.482,0.497,0.549,0.581,0.596,0.616,0.588,0.605,0.646,0.64,0.643,0.704,0.709,0.701,0.712,0.721,0.708,0.702,0.654
ISPRS26_30,CTOA,0,1.0,0.0,None,76,None,0.0,1500_15_05_26,None,NaN,None,Mid-Lat Spring,FINCH_ISPRS,200.0,0.23,0.251,0.316,0.195,0.187,0.138,0.157,0.317,0.31,0.379,0.387,0.388,0.399,0.404,0.409,0.41,0.415,0.416,0.416,0.397,0.354,0.31,0.0843,0.0789,0.202,0.134,0.237,0.38,0.393,0.404,0.392,0.429,0.448,0.467,0.485,0.487,0.465,0.422,0.478,0.49,0.444,0.374,0.33,0.239,0.211,0.0181,9.88e-08,2.36e-08,8.76e-06,0.000234,5.05e-06,0.000649,0.00277,0.0942,0.0376,0.0521,0.141,0.0332,0.079,0.297,0.401,0.457,0.456,0.509,0.526,0.539,0.549,0.519,0.524,0.553,0.535,0.526,0.56,0.566,0.547,0.552,0.566,0.558,0.562,0.533
ISPRS26_31,CTOA,0,0.0,1.0,None,None,0.25*215+0.25*457+0.25*459+0.25*460,0.0,1500_15_05_26,None,NaN,None,Mid-Lat Spring,FINCH_ISPRS,200.0,0.00417,0.00459,0.00586,0.0036,0.00348,0.00257,0.00296,0.00601,0.0059,0.00742,0.00759,0.00774,0.00786,0.00808,0.00821,0.00834,0.00839,0.0085,0.00853,0.00821,0.00737,0.00647,0.00178,0.00167,0.00426,0.00283,0.00502,0.00808,0.00843,0.00868,0.00846,0.00931,0.00988,0.0104,0.0108,0.011,0.0105,0.00957,0.0109,0.0114,0.0103,0.00876,0.00778,0.00562,0.00492,0.000421,2.33e-09,5.42e-10,1.95e-07,5.09e-06,1.12e-07,1.41e-05,5.89e-05,0.00201,0.000808,0.00112,0.00304,0.000719,0.00175,0.00656,0.0091,0.0104,0.0106,0.0118,0.0124,0.0128,0.0131,0.0123,0.0127,0.0137,0.0134,0.0132,0.0141,0.0144,0.014,0.0142,0.0144,0.0142,0.0142,0.0134
ISPRS26_32,CTOA,0,0.1,0.9,None,73,0.25*215+0.25*457+0.25*459+0.25*460,0.0,1500_15_05_26,None,NaN,None,Mid-Lat Spring,FINCH_ISPRS,200.0,0.00396,0.00436,0.00547,0.00343,0.00326,0.00244,0.0028,0.00566,0.00557,0.00683,0.00717,0.00719,0.00742,0.00756,0.00772,0.00783,0.00789,0.00795,0.008,0.00768,0.00684,0.00607,0.00165,0.00154,0.00401,0.00264,0.00472,0.00753,0.00788,0.00816,0.00794,0.00884,0.00921,0.00978,0.0102,0.0103,0.00989,0.00909,0.0102,0.0106,0.00967,0.0082,0.00725,0.00526,0.00469,0.000417,2.19e-09,5.11e-10,1.85e-07,4.93e-06,1.07e-07,1.35e-05,5.7e-05,0.0019,0.000771,0.00109,0.00296,0.000699,0.00169,0.00636,0.00871,0.0101,0.0102,0.0113,0.0118,0.0123,0.0124,0.012,0.0122,0.0131,0.0127,0.0128,0.0137,0.0139,0.0136,0.0138,0.0141,0.014,0.0138,0.0129
ISPRS26_33,CTOA,0,0.1,0.9,None,76,0.25*215+0.25*457+0.25*459+0.25*460,0.0,1500_15_05_26,None,NaN,None,Mid-Lat Spring,FINCH_ISPRS,200.0,0.00743,0.00816,0.0104,0.00649,0.00621,0.00461,0.00535,0.0107,0.0107,0.0132,0.0136,0.0138,0.0141,0.0144,0.0147,0.0152,0.0151,0.0151,0.0153,0.0148,0.0132,0.0116,0.00316,0.00295,0.00779,0.00511,0.00901,0.0145,0.0151,0.0156,0.0151,0.0168,0.0179,0.0189,0.0194,0.0199,0.0188,0.0173,0.0196,0.0204,0.0186,0.0156,0.014,0.00998,0.00889,0.000759,4.17e-09,9.67e-10,3.51e-07,9.21e-06,2e-07,2.55e-05,0.000106,0.00361,0.00145,0.00203,0.0055,0.00129,0.00314,0.0119,0.0162,0.0187,0.0188,0.0211,0.0225,0.0229,0.0234,0.0224,0.0227,0.0245,0.024,0.0239,0.0258,0.026,0.0254,0.0256,0.0258,0.0258,0.0255,0.024
ISPRS26_34,CTOA,0,0.2,0.8,None,73,0.25*215+0.25*457+0.25*459+0.25*460,0.0,1500_15_05_26,None,NaN,None,Mid-Lat Spring,FINCH_ISPRS,200.0,0.00712,0.00777,0.00988,0.00614,0.00585,0.00432,0.00501,0.0101,0.00994,0.0124,0.0128,0.013,0.0132,0.0136,0.0137,0.0139,0.0141,0.0142,0.0142,0.0137,0.0123,0.0108,0.00301,0.00279,0.00723,0.00472,0.00846,0.0135,0.0142,0.0146,0.0141,0.0156,0.0168,0.0175,0.0181,0.0183,0.0175,0.0161,0.0185,0.0189,0.0174,0.0147,0.0131,0.00957,0.00849,0.00075,3.91e-09,9.28e-10,3.3e-07,8.91e-06,1.93e-07,2.44e-05,0.000102,0.00346,0.0014,0.00194,0.00526,0.00124,0.00299,0.0114,0.0154,0.0182,0.0182,0.0203,0.0214,0.022,0.0225,0.0215,0.0219,0.0236,0.0231,0.023,0.0246,0.0249,0.0246,0.0245,0.0253,0.0249,0.0247,0.0234
ISPRS26_35,CTOA,0,0.2,0.8,None,76,0.25*215+0.25*457+0.25*459+0.25*460,0.0,1500_15_05_26,None,NaN,None,Mid-Lat Spring,FINCH_ISPRS,200.0,0.00977,0.0109,0.0137,0.00856,0.00819,0.00606,0.00694,0.0143,0.0139,0.0173,0.0181,0.0183,0.0187,0.0192,0.0195,0.0199,0.02,0.0204,0.0203,0.0194,0.0174,0.0153,0.0042,0.0039,0.0101,0.00668,0.012,0.0192,0.0201,0.0206,0.0198,0.0222,0.0233,0.0249,0.0258,0.026,0.0247,0.0227,0.026,0.0268,0.0245,0.0207,0.0185,0.0133,0.0117,0.001,5.54e-09,1.29e-09,4.64e-07,1.21e-05,2.65e-07,3.36e-05,0.000141,0.00476,0.00191,0.00265,0.00725,0.00171,0.00412,0.0158,0.0212,0.0248,0.0253,0.0281,0.0293,0.0304,0.0309,0.0296,0.0304,0.0323,0.0314,0.0315,0.0338,0.0343,0.0336,0.0339,0.0343,0.034,0.0339,0.0317
ISPRS26_36,CTOA,0,0.3,0.7,None,73,0.25*215+0.25*457+0.25*459+0.25*460,0.0,1500_15_05_26,None,NaN,None,Mid-Lat Spring,FINCH_ISPRS,200.0,0.00936,0.0103,0.013,0.00813,0.00778,0.00573,0.00657,0.0134,0.0132,0.0163,0.0169,0.017,0.0177,0.0178,0.0181,0.0185,0.0187,0.0188,0.0189,0.0182,0.0163,0.0143,0.00392,0.00366,0.00946,0.00624,0.0112,0.0179,0.0187,0.0191,0.0188,0.0208,0.0219,0.0231,0.024,0.0243,0.0231,0.0215,0.0241,0.0251,0.0231,0.0196,0.0172,0.0126,0.0111,0.000986,5.17e-09,1.22e-09,4.44e-07,1.17e-05,2.57e-07,3.22e-05,0.000136,0.00453,0.00184,0.00256,0.00698,0.00166,0.00398,0.015,0.0206,0.024,0.0241,0.027,0.028,0.0291,0.0297,0.0286,0.0289,0.0311,0.0304,0.0303,0.033,0.0328,0.0325,0.0327,0.0336,0.0325,0.0326,0.0307
ISPRS26_37,CTOA,0,0.3,0.7,None,76,0.25*215+0.25*457+0.25*459+0.25*460,0.0,1500_15_05_26,None,NaN,None,Mid-Lat Spring,FINCH_ISPRS,200.0,0.0113,0.0125,0.0156,0.00971,0.00927,0.00691,0.00806,0.0163,0.0161,0.0198,0.0206,0.0209,0.0214,0.0218,0.0224,0.0228,0.0227,0.0229,0.0232,0.0222,0.0198,0.0176,0.00483,0.00447,0.0116,0.00765,0.0138,0.022,0.023,0.0235,0.023,0.0254,0.0267,0.0285,0.0295,0.0299,0.0284,0.026,0.03,0.0309,0.0282,0.0237,0.0212,0.0153,0.0136,0.00115,6.32e-09,1.48e-09,5.4e-07,1.39e-05,3.05e-07,3.84e-05,0.000161,0.00544,0.0022,0.00305,0.00842,0.00197,0.00473,0.018,0.0244,0.0288,0.0289,0.0323,0.0338,0.0347,0.0356,0.034,0.035,0.0373,0.0364,0.0363,0.039,0.0394,0.0389,0.039,0.0395,0.039,0.0388,0.0364
ISPRS26_38,CTOA,0,0.4,0.6,None,73,0.25*215+0.25*457+0.25*459+0.25*460,0.0,1500_15_05_26,None,NaN,None,Mid-Lat Spring,FINCH_ISPRS,200.0,0.0107,0.0118,0.0149,0.00924,0.00887,0.00659,0.00753,0.0155,0.0151,0.0187,0.0193,0.0194,0.0202,0.0205,0.021,0.0211,0.0213,0.0216,0.0217,0.0208,0.0186,0.0165,0.00451,0.00418,0.0109,0.00721,0.0128,0.0206,0.0216,0.0221,0.0216,0.0237,0.0253,0.0266,0.0277,0.0278,0.0266,0.0243,0.028,0.029,0.0262,0.0223,0.0198,0.0144,0.0129,0.00113,5.96e-09,1.39e-09,5.03e-07,1.35e-05,2.95e-07,3.67e-05,0.000155,0.0052,0.00211,0.00293,0.00797,0.0019,0.00455,0.0172,0.0236,0.0275,0.0278,0.031,0.0323,0.0337,0.0343,0.0325,0.0335,0.0358,0.0347,0.0345,0.0377,0.038,0.0374,0.0376,0.0381,0.0381,0.0373,0.0355
ISPRS26_39,CTOA,0,0.4,0.6,None,76,0.25*215+0.25*457+0.25*459+0.25*460,0.0,1500_15_05_26,None,NaN,None,Mid-Lat Spring,FINCH_ISPRS,200.0,0.0117,0.0129,0.0163,0.0102,0.00975,0.00724,0.00836,0.0171,0.0168,0.0206,0.0216,0.0217,0.0224,0.0229,0.0232,0.0237,0.0239,0.024,0.0242,0.0229,0.0206,0.0184,0.00497,0.00465,0.0123,0.00804,0.0143,0.0229,0.0239,0.0246,0.0241,0.0265,0.0281,0.0294,0.0311,0.0313,0.0298,0.0271,0.0311,0.0321,0.0293,0.0246,0.022,0.016,0.0141,0.00121,6.63e-09,1.56e-09,5.59e-07,1.45e-05,3.17e-07,4.03e-05,0.000168,0.00566,0.0023,0.00318,0.00867,0.00206,0.00495,0.0188,0.0259,0.0297,0.0298,0.0336,0.035,0.0364,0.0372,0.0355,0.0363,0.0387,0.0377,0.0378,0.0403,0.0408,0.0402,0.0406,0.0416,0.0409,0.0403,0.0382
ISPRS26_40,CTOA,0,0.5,0.5,None,73,0.25*215+0.25*457+0.25*459+0.25*460,0.0,1500_15_05_26,None,NaN,None,Mid-Lat Spring,FINCH_ISPRS,200.0,0.0112,0.0124,0.0155,0.00971,0.0092,0.00681,0.00786,0.0159,0.0156,0.0195,0.0203,0.0206,0.0209,0.0213,0.0217,0.022,0.0223,0.0224,0.0226,0.0216,0.0195,0.0171,0.00469,0.00437,0.0113,0.00752,0.0133,0.0216,0.0224,0.023,0.0223,0.025,0.026,0.0275,0.0288,0.029,0.0279,0.0254,0.029,0.0303,0.0275,0.0231,0.0206,0.0149,0.0134,0.00118,6.14e-09,1.46e-09,5.34e-07,1.4e-05,3.1e-07,3.88e-05,0.000163,0.00548,0.00219,0.00307,0.00845,0.00198,0.00474,0.0179,0.0248,0.0286,0.029,0.0321,0.0335,0.0352,0.0358,0.0342,0.0344,0.0373,0.0365,0.0361,0.0389,0.0392,0.039,0.0391,0.0401,0.0392,0.0391,0.0371
ISPRS26_41,CTOA,0,0.5,0.5,None,76,0.25*215+0.25*457+0.25*459+0.25*460,0.0,1500_15_05_26,None,NaN,None,Mid-Lat Spring,FINCH_ISPRS,200.0,0.0114,0.0124,0.0157,0.00979,0.00947,0.00697,0.00803,0.0162,0.0161,0.0197,0.0206,0.0208,0.0211,0.0218,0.0222,0.0225,0.0228,0.0228,0.0232,0.0222,0.0198,0.0175,0.00479,0.00443,0.0115,0.00772,0.0137,0.022,0.023,0.0238,0.0229,0.0253,0.0266,0.0286,0.0294,0.0297,0.0284,0.0261,0.03,0.0311,0.0281,0.0236,0.0212,0.0153,0.0135,0.00116,6.31e-09,1.48e-09,5.37e-07,1.4e-05,3.05e-07,3.86e-05,0.00016,0.00541,0.0022,0.00307,0.00838,0.00197,0.00473,0.018,0.0245,0.0283,0.0288,0.032,0.0335,0.0349,0.0356,0.0342,0.0345,0.0369,0.0365,0.0363,0.0388,0.0393,0.0387,0.0393,0.0397,0.0389,0.0389,0.037
ISPRS26_42,CTOA,0,0.6,0.4,None,73,0.25*215+0.25*457+0.25*459+0.25*460,0.0,1500_15_05_26,None,NaN,None,Mid-Lat Spring,FINCH_ISPRS,200.0,0.0107,0.0117,0.0149,0.00929,0.00884,0.00655,0.00763,0.0155,0.015,0.0185,0.0194,0.0195,0.0201,0.0206,0.0211,0.0214,0.0211,0.0213,0.0216,0.0209,0.0188,0.0165,0.0045,0.00423,0.0109,0.00721,0.0128,0.0208,0.0215,0.022,0.0216,0.0238,0.025,0.0266,0.0276,0.0279,0.0268,0.0245,0.028,0.0291,0.0263,0.0222,0.02,0.0143,0.0129,0.00112,5.93e-09,1.4e-09,5.08e-07,1.35e-05,2.94e-07,3.7e-05,0.000155,0.00526,0.00211,0.00292,0.00803,0.0019,0.00456,0.0172,0.0234,0.0272,0.0278,0.0312,0.0322,0.0339,0.0342,0.0327,0.033,0.0358,0.0349,0.0349,0.0379,0.0379,0.0371,0.0374,0.0383,0.0379,0.0377,0.0353
ISPRS26_43,CTOA,0,0.6,0.4,None,76,0.25*215+0.25*457+0.25*459+0.25*460,0.0,1500_15_05_26,None,NaN,None,Mid-Lat Spring,FINCH_ISPRS,200.0,0.00975,0.0109,0.0138,0.00856,0.00821,0.0061,0.00691,0.0143,0.0141,0.0173,0.0181,0.0184,0.0187,0.0192,0.0197,0.02,0.02,0.02,0.0203,0.0194,0.0174,0.0154,0.00419,0.00389,0.0102,0.00668,0.0119,0.0192,0.0202,0.0205,0.0202,0.0222,0.0232,0.0249,0.0258,0.0259,0.0247,0.0229,0.0259,0.0268,0.0245,0.0207,0.0184,0.0132,0.0118,0.000998,5.53e-09,1.3e-09,4.63e-07,1.22e-05,2.67e-07,3.35e-05,0.000142,0.00473,0.0019,0.00267,0.00728,0.00171,0.00417,0.0158,0.0213,0.0249,0.0252,0.0282,0.0295,0.0305,0.0311,0.0296,0.0299,0.0324,0.0313,0.0312,0.034,0.0341,0.0338,0.0337,0.0345,0.034,0.0337,0.0318
ISPRS26_44,CTOA,0,0.7,0.3,None,73,0.25*215+0.25*457+0.25*459+0.25*460,0.0,1500_15_05_26,None,NaN,None,Mid-Lat Spring,FINCH_ISPRS,200.0,0.00919,0.0103,0.013,0.00803,0.00774,0.00574,0.00659,0.0136,0.0133,0.0163,0.0169,0.017,0.0176,0.0179,0.0183,0.0187,0.0186,0.0188,0.0189,0.018,0.0164,0.0145,0.00392,0.00368,0.00948,0.00632,0.0111,0.018,0.0188,0.0195,0.0187,0.0207,0.0221,0.0232,0.0241,0.0244,0.0233,0.0212,0.0245,0.0252,0.0229,0.0195,0.0172,0.0126,0.0112,0.000978,5.18e-09,1.22e-09,4.4e-07,1.17e-05,2.59e-07,3.22e-05,0.000133,0.00456,0.00182,0.0026,0.00696,0.00163,0.00397,0.0151,0.0205,0.0238,0.024,0.0268,0.0283,0.0291,0.03,0.0285,0.0291,0.0311,0.0302,0.0302,0.0328,0.0328,0.0322,0.0328,0.0336,0.0328,0.0329,0.031
ISPRS26_45,CTOA,0,0.7,0.3,None,76,0.25*215+0.25*457+0.25*459+0.25*460,0.0,1500_15_05_26,None,NaN,None,Mid-Lat Spring,FINCH_ISPRS,200.0,0.00749,0.00816,0.0105,0.00651,0.00622,0.00463,0.0053,0.0107,0.0106,0.0132,0.0138,0.0138,0.0141,0.0146,0.0147,0.015,0.0151,0.0152,0.0153,0.0146,0.0131,0.0115,0.00317,0.00297,0.00767,0.00505,0.00908,0.0146,0.0152,0.0156,0.0153,0.0169,0.0176,0.0186,0.0194,0.0196,0.0187,0.0172,0.0196,0.0206,0.0184,0.0156,0.0141,0.0101,0.00887,0.000756,4.18e-09,9.88e-10,3.52e-07,9.25e-06,2.02e-07,2.52e-05,0.000107,0.00358,0.00146,0.00202,0.0055,0.0013,0.00316,0.0119,0.0162,0.0189,0.019,0.0212,0.0222,0.0229,0.0233,0.0224,0.0228,0.0245,0.0239,0.0236,0.0256,0.0257,0.0255,0.0254,0.0261,0.0256,0.0258,0.0241
ISPRS26_46,CTOA,0,0.8,0.2,None,73,0.25*215+0.25*457+0.25*459+0.25*460,0.0,1500_15_05_26,None,NaN,None,Mid-Lat Spring,FINCH_ISPRS,200.0,0.00705,0.00777,0.00988,0.00614,0.00592,0.00436,0.005,0.0102,0.00994,0.0124,0.0128,0.013,0.0133,0.0135,0.0138,0.0141,0.0142,0.0143,0.0142,0.0137,0.0124,0.0108,0.00296,0.00279,0.00716,0.00478,0.00838,0.0136,0.0142,0.0146,0.0142,0.0157,0.0167,0.0174,0.0183,0.0183,0.0177,0.0161,0.0184,0.019,0.0174,0.0147,0.0131,0.00949,0.0085,0.000749,3.92e-09,9.17e-10,3.32e-07,8.82e-06,1.94e-07,2.44e-05,0.000103,0.00344,0.0014,0.00194,0.0053,0.00125,0.00299,0.0114,0.0156,0.0181,0.0181,0.0205,0.0213,0.022,0.0225,0.0213,0.0218,0.0238,0.0231,0.0229,0.0247,0.0249,0.0246,0.0247,0.0254,0.0247,0.0248,0.0234
ISPRS26_47,CTOA,0,0.8,0.2,None,76,0.25*215+0.25*457+0.25*459+0.25*460,0.0,1500_15_05_26,None,NaN,None,Mid-Lat Spring,FINCH_ISPRS,200.0,0.00417,0.00459,0.00581,0.0036,0.00347,0.00256,0.00298,0.00596,0.00597,0.00733,0.00762,0.00768,0.00793,0.00803,0.0082,0.00837,0.0084,0.00852,0.00854,0.00819,0.00735,0.00648,0.00175,0.00166,0.00431,0.00284,0.00502,0.00811,0.00853,0.00867,0.00843,0.00936,0.00986,0.0104,0.0108,0.0109,0.0105,0.00959,0.0109,0.0113,0.0103,0.00872,0.00784,0.00565,0.00493,0.000419,2.33e-09,5.43e-10,1.95e-07,5.08e-06,1.12e-07,1.41e-05,5.93e-05,0.00199,0.000806,0.00112,0.00308,0.000724,0.00174,0.00661,0.009,0.0105,0.0106,0.0118,0.0123,0.0128,0.013,0.0125,0.0128,0.0136,0.0133,0.0132,0.0142,0.0145,0.0142,0.0142,0.0145,0.0143,0.014,0.0133
ISPRS26_48,CTOA,0,0.9,0.1,None,73,0.25*215+0.25*457+0.25*459+0.25*460,0.0,1500_15_05_26,None,NaN,None,Mid-Lat Spring,FINCH_ISPRS,200.0,0.00394,0.00435,0.00548,0.00343,0.0033,0.00241,0.00278,0.00564,0.00561,0.00688,0.00715,0.00721,0.00739,0.00758,0.00774,0.00786,0.00784,0.00795,0.00802,0.00773,0.00688,0.00607,0.00167,0.00154,0.00401,0.00264,0.00472,0.00754,0.00793,0.00814,0.0079,0.00875,0.00924,0.00973,0.0101,0.0103,0.00981,0.00904,0.0102,0.0106,0.00962,0.00809,0.0074,0.00529,0.00471,0.000415,2.17e-09,5.11e-10,1.86e-07,4.9e-06,1.08e-07,1.37e-05,5.67e-05,0.00191,0.000773,0.00108,0.00294,0.000692,0.00166,0.0064,0.00859,0.01,0.0102,0.0114,0.0119,0.0122,0.0125,0.012,0.0121,0.0131,0.0127,0.0127,0.0138,0.0139,0.0137,0.0138,0.014,0.0139,0.0138,0.013
ISPRS26_49,CTOA,0,0.0,1.0,None,None,215,10.0,1500_15_05_26,None,NaN,None,Mid-Lat Spring,FINCH_ISPRS,200.0,0.185,0.201,0.245,0.17,0.165,0.124,0.14,0.252,0.248,0.288,0.292,0.291,0.297,0.302,0.306,0.31,0.312,0.315,0.316,0.307,0.278,0.252,0.0892,0.0821,0.181,0.13,0.206,0.301,0.311,0.317,0.31,0.335,0.351,0.362,0.374,0.377,0.362,0.328,0.37,0.381,0.357,0.31,0.284,0.22,0.199,0.0301,4.45e-06,1.5e-06,0.000109,0.00135,4.65e-05,0.00202,0.00612,0.107,0.0499,0.0585,0.144,0.0437,0.0892,0.26,0.332,0.371,0.375,0.405,0.42,0.427,0.427,0.414,0.414,0.435,0.424,0.417,0.441,0.448,0.435,0.441,0.451,0.447,0.445,0.426
ISPRS26_50,CTOA,0,0.0,1.0,None,None,457,10.0,1500_15_05_26,None,NaN,None,Mid-Lat Spring,FINCH_ISPRS,200.0,0.203,0.222,0.269,0.184,0.181,0.137,0.153,0.274,0.27,0.317,0.321,0.322,0.325,0.332,0.338,0.337,0.34,0.343,0.343,0.331,0.303,0.274,0.0966,0.088,0.196,0.138,0.221,0.321,0.333,0.335,0.33,0.355,0.374,0.386,0.399,0.394,0.376,0.345,0.392,0.402,0.372,0.324,0.293,0.229,0.208,0.0314,4.55e-06,1.83e-06,0.000128,0.00151,4.99e-05,0.00217,0.0065,0.112,0.0528,0.0621,0.152,0.0458,0.0937,0.274,0.347,0.383,0.386,0.418,0.435,0.439,0.446,0.424,0.432,0.452,0.435,0.432,0.456,0.46,0.452,0.45,0.456,0.458,0.457,0.439
ISPRS26_51,CTOA,0,0.0,1.0,None,None,459,10.0,1500_15_05_26,None,NaN,None,Mid-Lat Spring,FINCH_ISPRS,200.0,0.195,0.216,0.262,0.179,0.175,0.131,0.147,0.263,0.26,0.308,0.316,0.318,0.324,0.329,0.33,0.337,0.339,0.342,0.339,0.331,0.3,0.275,0.0957,0.0875,0.194,0.137,0.219,0.32,0.335,0.337,0.333,0.353,0.369,0.383,0.392,0.395,0.38,0.344,0.389,0.402,0.37,0.326,0.291,0.23,0.208,0.0314,4.03e-06,1.46e-06,0.000112,0.00145,4.99e-05,0.00215,0.00654,0.113,0.0533,0.0626,0.153,0.0465,0.0942,0.276,0.346,0.39,0.388,0.419,0.431,0.442,0.449,0.425,0.433,0.454,0.44,0.436,0.463,0.458,0.451,0.455,0.465,0.463,0.465,0.442
ISPRS26_52,CTOA,0,0.0,1.0,None,None,460,10.0,1500_15_05_26,None,NaN,None,Mid-Lat Spring,FINCH_ISPRS,200.0,0.243,0.266,0.32,0.217,0.212,0.16,0.183,0.329,0.324,0.393,0.407,0.411,0.424,0.427,0.433,0.442,0.443,0.446,0.447,0.432,0.395,0.356,0.124,0.115,0.251,0.181,0.294,0.434,0.444,0.46,0.447,0.493,0.519,0.541,0.559,0.568,0.543,0.505,0.574,0.592,0.553,0.476,0.435,0.341,0.3,0.0425,5.76e-06,1.95e-06,0.00014,0.00172,6.16e-05,0.00267,0.00804,0.139,0.066,0.0796,0.195,0.0592,0.124,0.371,0.48,0.546,0.559,0.615,0.636,0.653,0.665,0.645,0.661,0.711,0.699,0.702,0.758,0.765,0.762,0.77,0.784,0.765,0.75,0.717
ISPRS26_53,CTOA,0,1.0,0.0,None,73,None,10.0,1500_15_05_26,None,NaN,None,Mid-Lat Spring,FINCH_ISPRS,200.0,0.227,0.246,0.295,0.197,0.193,0.147,0.169,0.303,0.294,0.356,0.373,0.376,0.383,0.391,0.395,0.403,0.402,0.406,0.408,0.39,0.363,0.321,0.112,0.104,0.229,0.166,0.264,0.39,0.406,0.414,0.409,0.439,0.462,0.49,0.507,0.513,0.49,0.453,0.518,0.536,0.496,0.433,0.389,0.306,0.277,0.0415,5.16e-06,1.75e-06,0.000128,0.00164,5.83e-05,0.00251,0.00751,0.131,0.0623,0.074,0.184,0.0559,0.116,0.347,0.45,0.511,0.526,0.573,0.604,0.614,0.62,0.606,0.626,0.667,0.651,0.656,0.713,0.726,0.713,0.723,0.735,0.72,0.724,0.682
ISPRS26_54,CTOA,0,1.0,0.0,None,76,None,10.0,1500_15_05_26,None,NaN,None,Mid-Lat Spring,FINCH_ISPRS,200.0,0.257,0.279,0.344,0.234,0.228,0.17,0.192,0.345,0.339,0.402,0.403,0.405,0.414,0.421,0.421,0.428,0.427,0.432,0.435,0.42,0.385,0.35,0.122,0.111,0.246,0.173,0.277,0.408,0.421,0.429,0.42,0.45,0.472,0.489,0.497,0.504,0.478,0.437,0.493,0.509,0.469,0.414,0.37,0.29,0.261,0.0378,5.04e-06,1.84e-06,0.000141,0.00176,6.07e-05,0.0027,0.00808,0.14,0.0661,0.0776,0.191,0.0573,0.116,0.341,0.431,0.484,0.483,0.526,0.539,0.556,0.559,0.534,0.533,0.563,0.55,0.537,0.576,0.572,0.562,0.564,0.575,0.572,0.572,0.553
ISPRS26_55,CTOA,0,0.0,1.0,None,None,0.25*215+0.25*457+0.25*459+0.25*460,10.0,1500_15_05_26,None,NaN,None,Mid-Lat Spring,FINCH_ISPRS,200.0,0.00469,0.00514,0.00628,0.00429,0.00421,0.00321,0.00365,0.00652,0.00644,0.00765,0.00796,0.00809,0.0082,0.00836,0.00854,0.00871,0.00877,0.00887,0.00889,0.00859,0.00791,0.00718,0.00255,0.00237,0.00525,0.00371,0.0059,0.00874,0.00902,0.00918,0.00909,0.00973,0.0104,0.0108,0.0112,0.0113,0.0109,0.0101,0.0113,0.0117,0.011,0.00963,0.00874,0.0068,0.0061,0.000885,1.2e-07,4.25e-08,3.16e-06,3.84e-05,1.33e-06,5.79e-05,0.000173,0.00299,0.00142,0.00168,0.00412,0.00125,0.00253,0.00764,0.0098,0.011,0.0113,0.0122,0.0127,0.013,0.0134,0.0128,0.013,0.0139,0.0137,0.0137,0.0143,0.0146,0.0145,0.0145,0.0147,0.0146,0.0146,0.0138
ISPRS26_56,CTOA,0,0.1,0.9,None,73,0.25*215+0.25*457+0.25*459+0.25*460,10.0,1500_15_05_26,None,NaN,None,Mid-Lat Spring,FINCH_ISPRS,200.0,0.00444,0.00488,0.00589,0.0041,0.00401,0.00305,0.00345,0.0062,0.00607,0.00726,0.0074,0.00753,0.00775,0.0079,0.00802,0.00817,0.00814,0.00829,0.00828,0.00815,0.00747,0.00682,0.0024,0.00221,0.0049,0.00347,0.00554,0.00819,0.00855,0.00868,0.00854,0.00918,0.00954,0.0101,0.0104,0.0106,0.0102,0.00939,0.0108,0.011,0.0104,0.00893,0.00824,0.00641,0.00581,0.000859,1.12e-07,4e-08,3.01e-06,3.76e-05,1.29e-06,5.58e-05,0.000168,0.0029,0.00136,0.0016,0.00396,0.00121,0.00247,0.00734,0.00946,0.0106,0.0108,0.0118,0.0122,0.0125,0.0128,0.0122,0.0126,0.0131,0.0129,0.013,0.014,0.014,0.0139,0.0142,0.0142,0.0142,0.014,0.0135
ISPRS26_57,CTOA,0,0.1,0.9,None,76,0.25*215+0.25*457+0.25*459+0.25*460,10.0,1500_15_05_26,None,NaN,None,Mid-Lat Spring,FINCH_ISPRS,200.0,0.00838,0.00911,0.0112,0.00765,0.00754,0.00572,0.00649,0.0118,0.0115,0.0138,0.0141,0.0144,0.0147,0.015,0.0154,0.0155,0.0155,0.0158,0.016,0.0155,0.0143,0.0129,0.00454,0.00427,0.00941,0.00664,0.0106,0.0156,0.0163,0.0166,0.0162,0.0177,0.0183,0.0195,0.02,0.0203,0.0193,0.0179,0.0204,0.0209,0.0196,0.0172,0.0156,0.0121,0.011,0.00159,2.15e-07,7.71e-08,5.68e-06,6.96e-05,2.4e-06,0.000104,0.000314,0.00538,0.00253,0.00301,0.00745,0.00225,0.00462,0.0137,0.0176,0.0199,0.0204,0.0222,0.0228,0.0236,0.0238,0.0231,0.0233,0.0252,0.0243,0.0243,0.026,0.0262,0.0259,0.0259,0.0265,0.0262,0.026,0.0245
ISPRS26_58,CTOA,0,0.2,0.8,None,73,0.25*215+0.25*457+0.25*459+0.25*460,10.0,1500_15_05_26,None,NaN,None,Mid-Lat Spring,FINCH_ISPRS,200.0,0.00797,0.00872,0.0106,0.00731,0.00716,0.00545,0.0061,0.0109,0.0108,0.013,0.0134,0.0134,0.0139,0.0142,0.0144,0.0145,0.0146,0.0149,0.0149,0.0145,0.0135,0.0122,0.00432,0.00395,0.00871,0.00618,0.00991,0.0148,0.0153,0.0155,0.0152,0.0165,0.0173,0.0179,0.0187,0.019,0.0182,0.0169,0.0188,0.0198,0.0182,0.0162,0.0146,0.0115,0.0104,0.00156,2e-07,7.23e-08,5.36e-06,6.66e-05,2.32e-06,0.000101,0.000299,0.00519,0.00242,0.00289,0.00704,0.00216,0.00439,0.0132,0.0168,0.019,0.0195,0.0211,0.0219,0.0225,0.0231,0.022,0.0225,0.0239,0.0233,0.0233,0.0252,0.0252,0.0251,0.0253,0.0255,0.0255,0.0254,0.0242
ISPRS26_59,CTOA,0,0.2,0.8,None,76,0.25*215+0.25*457+0.25*459+0.25*460,10.0,1500_15_05_26,None,NaN,None,Mid-Lat Spring,FINCH_ISPRS,200.0,0.0111,0.012,0.0149,0.0102,0.00999,0.00755,0.00859,0.0154,0.0153,0.018,0.0186,0.019,0.0196,0.0199,0.0201,0.0204,0.0206,0.0206,0.0209,0.0205,0.019,0.0174,0.00603,0.00559,0.0124,0.00875,0.0141,0.0205,0.0214,0.022,0.0215,0.0231,0.0246,0.0256,0.0266,0.0271,0.0256,0.0238,0.0269,0.0277,0.0258,0.0226,0.0207,0.0162,0.0145,0.00208,2.87e-07,1.02e-07,7.49e-06,9.2e-05,3.14e-06,0.000137,0.000409,0.00717,0.00336,0.00398,0.00967,0.00298,0.00612,0.0182,0.0232,0.0265,0.0267,0.0291,0.0303,0.0309,0.0315,0.0302,0.0307,0.033,0.0321,0.0322,0.0349,0.035,0.0344,0.0343,0.0354,0.0348,0.0343,0.0328
ISPRS26_60,CTOA,0,0.3,0.7,None,73,0.25*215+0.25*457+0.25*459+0.25*460,10.0,1500_15_05_26,None,NaN,None,Mid-Lat Spring,FINCH_ISPRS,200.0,0.0105,0.0114,0.014,0.00973,0.00932,0.00714,0.00807,0.0147,0.0144,0.017,0.0176,0.0178,0.0182,0.0186,0.0189,0.0193,0.0193,0.0194,0.0197,0.0192,0.0177,0.0161,0.00566,0.00522,0.0115,0.00824,0.0131,0.0195,0.0199,0.0205,0.02,0.0218,0.0225,0.0238,0.0249,0.0252,0.0242,0.022,0.0251,0.0262,0.0244,0.0213,0.0193,0.0153,0.0137,0.00206,2.68e-07,9.56e-08,7.1e-06,8.86e-05,3.08e-06,0.000133,0.000398,0.00682,0.00323,0.00385,0.00948,0.00285,0.00585,0.0174,0.0222,0.0251,0.0258,0.0279,0.029,0.0298,0.0303,0.0289,0.0293,0.0317,0.0312,0.0312,0.0331,0.0339,0.0331,0.0331,0.0335,0.0338,0.0337,0.0322
ISPRS26_61,CTOA,0,0.3,0.7,None,76,0.25*215+0.25*457+0.25*459+0.25*460,10.0,1500_15_05_26,None,NaN,None,Mid-Lat Spring,FINCH_ISPRS,200.0,0.0128,0.0139,0.0169,0.0116,0.0115,0.00864,0.00985,0.0178,0.0174,0.0206,0.0215,0.0217,0.0223,0.0227,0.0232,0.0234,0.0238,0.0239,0.024,0.0235,0.0217,0.0198,0.00688,0.00646,0.0141,0.0101,0.016,0.0238,0.0248,0.0252,0.0245,0.0266,0.0282,0.0294,0.0303,0.0308,0.0294,0.0272,0.0308,0.0319,0.03,0.0258,0.0237,0.0186,0.0166,0.00239,3.26e-07,1.16e-07,8.59e-06,0.000105,3.67e-06,0.000158,0.000474,0.00814,0.00388,0.00458,0.0112,0.00341,0.00695,0.0206,0.0266,0.03,0.0306,0.0339,0.0347,0.0356,0.0361,0.0351,0.0352,0.0383,0.0371,0.037,0.0397,0.0399,0.0394,0.0398,0.0401,0.0398,0.0398,0.0375
ISPRS26_62,CTOA,0,0.4,0.6,None,73,0.25*215+0.25*457+0.25*459+0.25*460,10.0,1500_15_05_26,None,NaN,None,Mid-Lat Spring,FINCH_ISPRS,200.0,0.0119,0.0131,0.0161,0.0111,0.0108,0.00813,0.0092,0.0167,0.0165,0.0195,0.0201,0.0203,0.021,0.0214,0.0217,0.0219,0.0224,0.0221,0.0225,0.0219,0.0204,0.0185,0.0065,0.00608,0.0132,0.00938,0.015,0.0221,0.023,0.0236,0.0232,0.0249,0.0262,0.0275,0.0286,0.029,0.0278,0.0256,0.0289,0.0301,0.0275,0.0243,0.0223,0.0175,0.0159,0.00236,3.08e-07,1.09e-07,8.21e-06,0.000101,3.53e-06,0.000154,0.000456,0.00783,0.0037,0.0044,0.0108,0.0033,0.0067,0.02,0.0255,0.0288,0.0293,0.0322,0.0334,0.0344,0.0347,0.0332,0.0342,0.0364,0.0358,0.0357,0.0382,0.0387,0.0381,0.0382,0.0392,0.0386,0.0384,0.0371
ISPRS26_63,CTOA,0,0.4,0.6,None,76,0.25*215+0.25*457+0.25*459+0.25*460,10.0,1500_15_05_26,None,NaN,None,Mid-Lat Spring,FINCH_ISPRS,200.0,0.0132,0.0147,0.0178,0.0122,0.0119,0.00907,0.0102,0.0185,0.0181,0.0217,0.0224,0.0226,0.0232,0.0237,0.024,0.0244,0.0245,0.0249,0.0253,0.0244,0.0228,0.0205,0.00722,0.00673,0.0148,0.0104,0.0169,0.0249,0.0256,0.0262,0.0257,0.0278,0.0292,0.0306,0.0319,0.0323,0.0308,0.0282,0.0324,0.0332,0.031,0.0271,0.0249,0.0194,0.0175,0.00248,3.41e-07,1.21e-07,9.06e-06,0.00011,3.78e-06,0.000165,0.000496,0.00858,0.00404,0.0048,0.0116,0.00355,0.00727,0.0216,0.0278,0.0313,0.0316,0.0346,0.0361,0.0372,0.038,0.0365,0.0372,0.0394,0.0384,0.0388,0.0413,0.0417,0.0411,0.0416,0.0425,0.0419,0.0417,0.0394
ISPRS26_64,CTOA,0,0.5,0.5,None,73,0.25*215+0.25*457+0.25*459+0.25*460,10.0,1500_15_05_26,None,NaN,None,Mid-Lat Spring,FINCH_ISPRS,200.0,0.0125,0.0138,0.0168,0.0115,0.0112,0.00854,0.00969,0.0174,0.0171,0.0204,0.0211,0.0213,0.0219,0.0223,0.0227,0.0228,0.0235,0.0233,0.0233,0.0228,0.0211,0.0193,0.0068,0.00631,0.0138,0.00976,0.0158,0.0232,0.024,0.0246,0.0239,0.0261,0.0274,0.0287,0.0297,0.0301,0.0288,0.0266,0.0301,0.0314,0.0293,0.0253,0.0232,0.0182,0.0166,0.00245,3.21e-07,1.14e-07,8.54e-06,0.000106,3.64e-06,0.000159,0.000475,0.00827,0.00387,0.00458,0.0113,0.00343,0.007,0.0208,0.0266,0.0303,0.0307,0.0336,0.0347,0.0357,0.0364,0.0349,0.0357,0.0379,0.0373,0.0371,0.04,0.0402,0.0394,0.0402,0.0412,0.0402,0.0398,0.0381
ISPRS26_65,CTOA,0,0.5,0.5,None,76,0.25*215+0.25*457+0.25*459+0.25*460,10.0,1500_15_05_26,None,NaN,None,Mid-Lat Spring,FINCH_ISPRS,200.0,0.0127,0.0139,0.017,0.0116,0.0115,0.00864,0.00988,0.0179,0.0174,0.0207,0.0214,0.0216,0.0222,0.0227,0.0233,0.0236,0.0235,0.024,0.024,0.0235,0.0216,0.0197,0.00697,0.0064,0.0142,0.0102,0.016,0.0236,0.0246,0.0253,0.0245,0.0267,0.028,0.0293,0.0303,0.0307,0.0297,0.0272,0.0309,0.0317,0.0298,0.0262,0.0236,0.0185,0.0167,0.00239,3.25e-07,1.17e-07,8.64e-06,0.000105,3.66e-06,0.000159,0.000477,0.00815,0.00388,0.00456,0.0112,0.00342,0.00704,0.0208,0.0266,0.0301,0.0305,0.0334,0.0347,0.0357,0.0362,0.0349,0.0356,0.038,0.0371,0.037,0.0398,0.04,0.0395,0.0397,0.0403,0.0398,0.0397,0.0381
ISPRS26_66,CTOA,0,0.6,0.4,None,73,0.25*215+0.25*457+0.25*459+0.25*460,10.0,1500_15_05_26,None,NaN,None,Mid-Lat Spring,FINCH_ISPRS,200.0,0.012,0.0133,0.0161,0.0111,0.0108,0.00813,0.00926,0.0167,0.0163,0.0195,0.0202,0.0203,0.0208,0.0215,0.0217,0.0222,0.0222,0.0225,0.0224,0.022,0.0202,0.0185,0.00655,0.00599,0.0133,0.00947,0.015,0.0223,0.023,0.0234,0.0231,0.0251,0.0263,0.0276,0.0284,0.0287,0.0276,0.0255,0.0287,0.0303,0.0279,0.0243,0.0222,0.0174,0.0159,0.00236,3.09e-07,1.09e-07,8.15e-06,0.000102,3.52e-06,0.000152,0.000457,0.00786,0.00371,0.00437,0.0107,0.00328,0.0067,0.0202,0.0255,0.0289,0.0294,0.0322,0.0334,0.0343,0.0349,0.0333,0.0339,0.0362,0.0357,0.0356,0.0382,0.0387,0.0378,0.0382,0.039,0.0383,0.0382,0.0367
ISPRS26_67,CTOA,0,0.6,0.4,None,76,0.25*215+0.25*457+0.25*459+0.25*460,10.0,1500_15_05_26,None,NaN,None,Mid-Lat Spring,FINCH_ISPRS,200.0,0.011,0.0121,0.0148,0.0101,0.00998,0.00755,0.00859,0.0155,0.0153,0.0181,0.0187,0.0189,0.0195,0.0198,0.0203,0.0205,0.0206,0.0208,0.0209,0.0204,0.0189,0.0173,0.0061,0.00565,0.0124,0.00874,0.0142,0.0206,0.0216,0.022,0.0213,0.0232,0.0244,0.0257,0.0265,0.0268,0.0259,0.0236,0.0271,0.0277,0.0259,0.0228,0.0204,0.0162,0.0145,0.00209,2.86e-07,1.01e-07,7.45e-06,9.19e-05,3.21e-06,0.000139,0.000414,0.00719,0.00337,0.00399,0.00975,0.00296,0.00609,0.018,0.023,0.0263,0.0267,0.0293,0.0301,0.031,0.0315,0.0302,0.0308,0.0331,0.0323,0.0325,0.0344,0.0347,0.0345,0.0345,0.0354,0.0349,0.0346,0.033
ISPRS26_68,CTOA,0,0.7,0.3,None,73,0.25*215+0.25*457+0.25*459+0.25*460,10.0,1500_15_05_26,None,NaN,None,Mid-Lat Spring,FINCH_ISPRS,200.0,0.0105,0.0114,0.014,0.00962,0.00946,0.00716,0.00809,0.0145,0.0143,0.017,0.0175,0.0179,0.0179,0.0187,0.0189,0.0192,0.0193,0.0195,0.0197,0.0191,0.0177,0.0163,0.00569,0.00521,0.0116,0.00816,0.0131,0.0194,0.0201,0.0204,0.0202,0.0218,0.023,0.024,0.0249,0.0251,0.0242,0.0224,0.0253,0.0261,0.0241,0.0212,0.0193,0.0152,0.0139,0.00205,2.66e-07,9.59e-08,7.1e-06,8.82e-05,3.06e-06,0.000132,0.000395,0.00679,0.00323,0.00383,0.00936,0.00285,0.00585,0.0175,0.0222,0.025,0.0258,0.0277,0.0288,0.0302,0.0302,0.029,0.0296,0.0317,0.0308,0.0309,0.0332,0.0334,0.0333,0.0333,0.0337,0.0336,0.0337,0.0322
ISPRS26_69,CTOA,0,0.7,0.3,None,76,0.25*215+0.25*457+0.25*459+0.25*460,10.0,1500_15_05_26,None,NaN,None,Mid-Lat Spring,FINCH_ISPRS,200.0,0.0084,0.00916,0.0113,0.00769,0.00756,0.00568,0.00649,0.0117,0.0116,0.0137,0.0141,0.0144,0.0148,0.0151,0.0152,0.0156,0.0157,0.0157,0.0158,0.0155,0.0143,0.0131,0.00459,0.0042,0.00937,0.00659,0.0106,0.0157,0.0161,0.0166,0.0164,0.0177,0.0185,0.0195,0.02,0.0205,0.0194,0.018,0.0204,0.0211,0.0196,0.0171,0.0157,0.0121,0.0111,0.00157,2.14e-07,7.58e-08,5.7e-06,6.92e-05,2.39e-06,0.000104,0.00031,0.00538,0.00256,0.00302,0.00745,0.00225,0.00464,0.0137,0.0177,0.0199,0.0202,0.0219,0.0227,0.0236,0.0237,0.0228,0.0233,0.0249,0.0244,0.0245,0.0262,0.0262,0.0258,0.0262,0.0266,0.0262,0.026,0.0246
ISPRS26_70,CTOA,0,0.8,0.2,None,73,0.25*215+0.25*457+0.25*459+0.25*460,10.0,1500_15_05_26,None,NaN,None,Mid-Lat Spring,FINCH_ISPRS,200.0,0.00789,0.00874,0.0106,0.00733,0.00708,0.00544,0.00616,0.011,0.0109,0.0129,0.0133,0.0134,0.0137,0.014,0.0143,0.0145,0.0147,0.0148,0.0149,0.0145,0.0133,0.0122,0.00431,0.00399,0.0087,0.00626,0.01,0.0147,0.0152,0.0154,0.0153,0.0165,0.0174,0.0181,0.0189,0.0191,0.0182,0.0168,0.019,0.0198,0.0183,0.016,0.0146,0.0115,0.0104,0.00155,2e-07,7.23e-08,5.38e-06,6.69e-05,2.3e-06,9.95e-05,0.0003,0.0052,0.00243,0.0029,0.00707,0.00215,0.0044,0.013,0.0169,0.019,0.0196,0.0211,0.0217,0.0226,0.0228,0.0219,0.0223,0.024,0.0234,0.0234,0.0252,0.0253,0.0248,0.0252,0.0259,0.0254,0.0252,0.0241
ISPRS26_71,CTOA,0,0.8,0.2,None,76,0.25*215+0.25*457+0.25*459+0.25*460,10.0,1500_15_05_26,None,NaN,None,Mid-Lat Spring,FINCH_ISPRS,200.0,0.00468,0.00514,0.0063,0.00431,0.00423,0.0032,0.00362,0.00654,0.00644,0.0076,0.00793,0.008,0.00816,0.00837,0.0085,0.00859,0.00872,0.0088,0.00885,0.00865,0.00803,0.00721,0.00255,0.00237,0.00518,0.0037,0.00596,0.00876,0.00902,0.00918,0.00903,0.00987,0.0104,0.0107,0.0112,0.0113,0.0108,0.00992,0.0114,0.0118,0.0109,0.00956,0.00864,0.0069,0.00609,0.000885,1.2e-07,4.25e-08,3.13e-06,3.84e-05,1.33e-06,5.8e-05,0.000173,0.003,0.00143,0.00167,0.00414,0.00125,0.00254,0.00753,0.0097,0.0111,0.0111,0.0122,0.0126,0.0131,0.0133,0.0127,0.013,0.0138,0.0135,0.0136,0.0145,0.0147,0.0143,0.0145,0.0148,0.0146,0.0145,0.0138
ISPRS26_72,CTOA,0,0.9,0.1,None,73,0.25*215+0.25*457+0.25*459+0.25*460,10.0,1500_15_05_26,None,NaN,None,Mid-Lat Spring,FINCH_ISPRS,200.0,0.00444,0.0049,0.00593,0.0041,0.00399,0.00301,0.00342,0.00616,0.00609,0.00721,0.00747,0.00753,0.00772,0.00791,0.00802,0.00804,0.00816,0.00822,0.00833,0.00809,0.00743,0.00683,0.0024,0.0022,0.00488,0.00345,0.00554,0.00815,0.0084,0.00867,0.00849,0.00924,0.00966,0.0101,0.0106,0.0107,0.0101,0.0095,0.0107,0.011,0.0102,0.00899,0.00819,0.00638,0.00584,0.000863,1.11e-07,4.01e-08,2.98e-06,3.7e-05,1.3e-06,5.58e-05,0.000168,0.0029,0.00137,0.00162,0.00396,0.00121,0.00246,0.0073,0.00939,0.0107,0.0108,0.0118,0.0122,0.0126,0.0128,0.0123,0.0125,0.0135,0.0129,0.013,0.0138,0.0141,0.0139,0.014,0.0142,0.014,0.0141,0.0133
ISPRS26_73,CTOA,0,0.0,1.0,None,None,215,20.0,1500_15_05_26,None,NaN,None,Mid-Lat Spring,FINCH_ISPRS,200.0,0.239,0.256,0.288,0.247,0.247,0.205,0.224,0.298,0.297,0.315,0.312,0.315,0.319,0.325,0.329,0.333,0.333,0.337,0.346,0.34,0.335,0.324,0.2,0.193,0.276,0.236,0.295,0.354,0.358,0.362,0.361,0.372,0.383,0.389,0.393,0.396,0.387,0.361,0.402,0.41,0.4,0.377,0.36,0.332,0.313,0.14,0.00612,0.0053,0.0195,0.0572,0.00704,0.0363,0.0566,0.244,0.162,0.147,0.274,0.146,0.212,0.354,0.394,0.41,0.42,0.437,0.441,0.448,0.449,0.432,0.436,0.456,0.442,0.444,0.459,0.461,0.456,0.455,0.46,0.463,0.466,0.459
ISPRS26_74,CTOA,0,0.0,1.0,None,None,457,20.0,1500_15_05_26,None,NaN,None,Mid-Lat Spring,FINCH_ISPRS,200.0,0.264,0.283,0.313,0.272,0.271,0.224,0.242,0.324,0.323,0.342,0.346,0.348,0.354,0.354,0.358,0.363,0.366,0.366,0.368,0.369,0.364,0.354,0.218,0.208,0.295,0.254,0.318,0.381,0.385,0.391,0.384,0.395,0.405,0.41,0.422,0.421,0.403,0.379,0.419,0.43,0.418,0.392,0.377,0.345,0.331,0.147,0.00617,0.00657,0.0226,0.0644,0.00752,0.0388,0.0599,0.258,0.174,0.158,0.287,0.154,0.22,0.372,0.408,0.435,0.438,0.45,0.455,0.459,0.465,0.443,0.446,0.467,0.459,0.452,0.471,0.473,0.469,0.468,0.48,0.478,0.478,0.469
ISPRS26_75,CTOA,0,0.0,1.0,None,None,459,20.0,1500_15_05_26,None,NaN,None,Mid-Lat Spring,FINCH_ISPRS,200.0,0.256,0.274,0.304,0.262,0.262,0.215,0.234,0.316,0.31,0.338,0.342,0.344,0.346,0.349,0.357,0.364,0.362,0.365,0.367,0.369,0.358,0.35,0.218,0.205,0.294,0.252,0.311,0.378,0.381,0.384,0.383,0.397,0.398,0.412,0.418,0.417,0.407,0.377,0.419,0.428,0.419,0.395,0.376,0.349,0.328,0.144,0.00545,0.00526,0.0195,0.0618,0.00756,0.039,0.0612,0.264,0.174,0.158,0.29,0.156,0.222,0.372,0.411,0.431,0.439,0.453,0.455,0.464,0.465,0.451,0.446,0.476,0.457,0.454,0.477,0.476,0.467,0.471,0.478,0.483,0.483,0.474
ISPRS26_76,CTOA,0,0.0,1.0,None,None,460,20.0,1500_15_05_26,None,NaN,None,Mid-Lat Spring,FINCH_ISPRS,200.0,0.314,0.337,0.374,0.316,0.317,0.265,0.291,0.394,0.388,0.429,0.439,0.443,0.45,0.462,0.464,0.471,0.476,0.478,0.483,0.486,0.471,0.455,0.28,0.267,0.387,0.334,0.422,0.512,0.515,0.523,0.524,0.546,0.564,0.578,0.588,0.6,0.585,0.547,0.615,0.635,0.621,0.591,0.56,0.508,0.479,0.198,0.00784,0.00696,0.0248,0.0746,0.00931,0.0486,0.0743,0.321,0.217,0.201,0.367,0.198,0.293,0.508,0.572,0.613,0.625,0.661,0.665,0.691,0.693,0.673,0.69,0.737,0.732,0.738,0.785,0.797,0.791,0.79,0.808,0.792,0.774,0.753
ISPRS26_77,CTOA,0,1.0,0.0,None,73,None,20.0,1500_15_05_26,None,NaN,None,Mid-Lat Spring,FINCH_ISPRS,200.0,0.293,0.311,0.342,0.293,0.293,0.246,0.267,0.356,0.356,0.391,0.405,0.404,0.411,0.422,0.426,0.433,0.43,0.434,0.442,0.434,0.427,0.415,0.254,0.246,0.347,0.305,0.38,0.461,0.472,0.474,0.47,0.492,0.502,0.523,0.53,0.542,0.528,0.494,0.552,0.571,0.56,0.529,0.506,0.467,0.439,0.192,0.00702,0.00622,0.0226,0.0695,0.00877,0.0457,0.0704,0.301,0.203,0.188,0.348,0.189,0.273,0.472,0.535,0.575,0.588,0.606,0.624,0.648,0.652,0.631,0.649,0.692,0.684,0.694,0.739,0.746,0.75,0.741,0.76,0.753,0.744,0.729
ISPRS26_78,CTOA,0,1.0,0.0,None,76,None,20.0,1500_15_05_26,None,NaN,None,Mid-Lat Spring,FINCH_ISPRS,200.0,0.339,0.359,0.397,0.342,0.343,0.282,0.307,0.407,0.405,0.436,0.436,0.438,0.445,0.45,0.455,0.458,0.459,0.464,0.47,0.469,0.455,0.447,0.273,0.26,0.373,0.316,0.397,0.484,0.486,0.488,0.484,0.498,0.511,0.524,0.528,0.528,0.511,0.477,0.526,0.542,0.533,0.495,0.477,0.436,0.412,0.175,0.00698,0.00664,0.0249,0.0758,0.00925,0.0483,0.074,0.326,0.216,0.196,0.36,0.191,0.274,0.464,0.512,0.545,0.555,0.565,0.57,0.57,0.582,0.556,0.565,0.586,0.574,0.572,0.592,0.595,0.588,0.585,0.596,0.592,0.602,0.587
ISPRS26_79,CTOA,0,0.0,1.0,None,None,0.25*215+0.25*457+0.25*459+0.25*460,20.0,1500_15_05_26,None,NaN,None,Mid-Lat Spring,FINCH_ISPRS,200.0,0.00615,0.00657,0.00737,0.00633,0.00635,0.00527,0.0058,0.00769,0.00767,0.00834,0.0086,0.00864,0.00881,0.00898,0.00913,0.00933,0.00936,0.00953,0.00962,0.00966,0.00949,0.00945,0.00575,0.00548,0.00787,0.00679,0.00854,0.0103,0.0104,0.0105,0.0105,0.0108,0.0112,0.0116,0.0119,0.0119,0.0115,0.011,0.0122,0.0126,0.0122,0.0116,0.0111,0.0103,0.00964,0.00408,0.000162,0.000152,0.000552,0.00165,0.000204,0.00105,0.0016,0.00688,0.00464,0.00424,0.00778,0.00418,0.00609,0.0104,0.0116,0.0123,0.0126,0.0132,0.0134,0.0137,0.0139,0.0134,0.0136,0.0144,0.0142,0.0141,0.015,0.0152,0.0149,0.0151,0.0152,0.0151,0.0152,0.0147
ISPRS26_80,CTOA,0,0.1,0.9,None,73,0.25*215+0.25*457+0.25*459+0.25*460,20.0,1500_15_05_26,None,NaN,None,Mid-Lat Spring,FINCH_ISPRS,200.0,0.00578,0.00628,0.0069,0.00601,0.00603,0.00498,0.00542,0.00729,0.00734,0.00789,0.00802,0.00817,0.00824,0.00851,0.00854,0.00871,0.00869,0.00885,0.00899,0.00901,0.00891,0.00876,0.00545,0.00516,0.00739,0.00631,0.00795,0.00961,0.00977,0.00995,0.00988,0.0102,0.0105,0.0109,0.011,0.0112,0.0109,0.0103,0.0115,0.0118,0.0115,0.0109,0.0104,0.00965,0.00932,0.00406,0.000152,0.000143,0.000532,0.00158,0.000195,0.000999,0.00153,0.00662,0.00445,0.00408,0.00754,0.00403,0.0059,0.00997,0.0112,0.0118,0.0121,0.0125,0.0128,0.0131,0.0133,0.0128,0.0131,0.0138,0.0136,0.0136,0.0145,0.0147,0.0145,0.0145,0.0148,0.0146,0.0146,0.0144
ISPRS26_81,CTOA,0,0.1,0.9,None,76,0.25*215+0.25*457+0.25*459+0.25*460,20.0,1500_15_05_26,None,NaN,None,Mid-Lat Spring,FINCH_ISPRS,200.0,0.0108,0.0117,0.0131,0.0113,0.0115,0.00943,0.0103,0.0138,0.0138,0.0149,0.0153,0.0155,0.0159,0.016,0.0164,0.0165,0.0168,0.0171,0.0172,0.0173,0.0169,0.0167,0.0103,0.00982,0.0143,0.0121,0.0151,0.0186,0.0185,0.0189,0.0189,0.0196,0.0204,0.0207,0.0212,0.0216,0.021,0.0197,0.0218,0.0224,0.0222,0.0209,0.02,0.0184,0.0175,0.00734,0.000294,0.000271,0.00101,0.00296,0.000364,0.00187,0.00287,0.0124,0.00832,0.00763,0.014,0.00756,0.0109,0.0185,0.0208,0.0224,0.0227,0.0235,0.0241,0.0246,0.0249,0.0242,0.0247,0.026,0.0255,0.0254,0.0268,0.0273,0.027,0.0271,0.0275,0.0273,0.0271,0.0264
ISPRS26_82,CTOA,0,0.2,0.8,None,73,0.25*215+0.25*457+0.25*459+0.25*460,20.0,1500_15_05_26,None,NaN,None,Mid-Lat Spring,FINCH_ISPRS,200.0,0.0102,0.0111,0.0124,0.0108,0.0107,0.00896,0.00972,0.0131,0.013,0.0142,0.0144,0.0144,0.0148,0.015,0.0154,0.0156,0.0157,0.0159,0.0161,0.0163,0.016,0.0158,0.0097,0.0093,0.0133,0.0113,0.0142,0.0173,0.0175,0.0177,0.0178,0.0184,0.019,0.0195,0.0198,0.0202,0.0196,0.0184,0.0204,0.021,0.0205,0.0195,0.0188,0.0172,0.0166,0.00726,0.000273,0.000256,0.000942,0.00287,0.000353,0.0018,0.00275,0.0119,0.00794,0.00726,0.0136,0.00717,0.0106,0.0179,0.0199,0.0214,0.0216,0.0229,0.023,0.0235,0.0239,0.0231,0.0234,0.0252,0.0244,0.0246,0.026,0.0264,0.026,0.0262,0.0263,0.0264,0.0264,0.0257
ISPRS26_83,CTOA,0,0.2,0.8,None,76,0.25*215+0.25*457+0.25*459+0.25*460,20.0,1500_15_05_26,None,NaN,None,Mid-Lat Spring,FINCH_ISPRS,200.0,0.0144,0.0155,0.0172,0.015,0.0151,0.0124,0.0136,0.0184,0.0182,0.0197,0.0203,0.0206,0.0209,0.0213,0.0215,0.022,0.0222,0.0223,0.0227,0.0231,0.0226,0.0224,0.0136,0.013,0.0189,0.0159,0.0201,0.0241,0.0247,0.0252,0.0248,0.0259,0.0266,0.0273,0.028,0.0283,0.0276,0.026,0.0288,0.0296,0.0291,0.0277,0.0264,0.0244,0.0231,0.00959,0.000387,0.000366,0.00132,0.00389,0.000481,0.00247,0.00381,0.0166,0.0111,0.01,0.0186,0.01,0.0146,0.0248,0.0272,0.0293,0.0299,0.0313,0.0318,0.0323,0.0327,0.0318,0.0324,0.0344,0.0339,0.0334,0.0358,0.036,0.0357,0.0359,0.0361,0.036,0.0358,0.0353
ISPRS26_84,CTOA,0,0.3,0.7,None,73,0.25*215+0.25*457+0.25*459+0.25*460,20.0,1500_15_05_26,None,NaN,None,Mid-Lat Spring,FINCH_ISPRS,200.0,0.0136,0.0145,0.0163,0.0142,0.0142,0.0117,0.0128,0.0172,0.017,0.0185,0.0189,0.0191,0.0196,0.0199,0.0202,0.0204,0.0205,0.0211,0.0214,0.0215,0.0211,0.0207,0.0128,0.0123,0.0177,0.015,0.0187,0.0227,0.0231,0.0235,0.0232,0.0243,0.0249,0.0255,0.0262,0.0266,0.0258,0.0243,0.0272,0.0278,0.0275,0.026,0.0249,0.0231,0.0217,0.00943,0.000363,0.000338,0.00124,0.0038,0.000465,0.00239,0.00361,0.0158,0.0106,0.00974,0.0178,0.00956,0.0139,0.0238,0.0265,0.0279,0.0285,0.03,0.0304,0.0309,0.0315,0.0305,0.0308,0.033,0.0321,0.0327,0.0343,0.0344,0.0343,0.0347,0.0352,0.0352,0.0348,0.0341
ISPRS26_85,CTOA,0,0.3,0.7,None,76,0.25*215+0.25*457+0.25*459+0.25*460,20.0,1500_15_05_26,None,NaN,None,Mid-Lat Spring,FINCH_ISPRS,200.0,0.0165,0.0177,0.02,0.0171,0.0172,0.0143,0.0156,0.0211,0.0208,0.0226,0.0231,0.0235,0.0241,0.0243,0.0248,0.025,0.0253,0.0255,0.026,0.0262,0.0257,0.0252,0.0157,0.015,0.0215,0.0184,0.0231,0.0282,0.0285,0.0285,0.0287,0.0295,0.0306,0.0318,0.0318,0.0327,0.0316,0.0298,0.0334,0.0341,0.0334,0.0315,0.0301,0.0279,0.0262,0.0111,0.000445,0.000417,0.00152,0.00449,0.000556,0.00281,0.00435,0.019,0.0127,0.0116,0.0214,0.0115,0.0164,0.0282,0.0316,0.0336,0.0342,0.0354,0.0363,0.0371,0.0377,0.0365,0.0371,0.0394,0.039,0.0389,0.0407,0.0411,0.041,0.0414,0.042,0.0413,0.0411,0.0408
ISPRS26_86,CTOA,0,0.4,0.6,None,73,0.25*215+0.25*457+0.25*459+0.25*460,20.0,1500_15_05_26,None,NaN,None,Mid-Lat Spring,FINCH_ISPRS,200.0,0.0155,0.0167,0.0186,0.0164,0.0162,0.0136,0.0147,0.0197,0.0197,0.0216,0.0217,0.022,0.0225,0.023,0.0232,0.0232,0.0237,0.0239,0.0242,0.0245,0.0243,0.0236,0.0147,0.0141,0.0201,0.0172,0.0214,0.0263,0.0265,0.0268,0.0268,0.0278,0.0288,0.0298,0.0301,0.0307,0.0295,0.0278,0.0312,0.0319,0.0313,0.0298,0.0285,0.0263,0.0251,0.011,0.00042,0.000393,0.00143,0.00435,0.000537,0.00272,0.00419,0.0181,0.0121,0.0112,0.0204,0.0111,0.016,0.0271,0.0305,0.0321,0.0329,0.0344,0.0349,0.0359,0.0363,0.0353,0.0358,0.0377,0.0375,0.0372,0.0396,0.04,0.0396,0.0398,0.0402,0.0403,0.0403,0.0391
ISPRS26_87,CTOA,0,0.4,0.6,None,76,0.25*215+0.25*457+0.25*459+0.25*460,20.0,1500_15_05_26,None,NaN,None,Mid-Lat Spring,FINCH_ISPRS,200.0,0.0171,0.0184,0.0207,0.0178,0.018,0.015,0.0161,0.022,0.0218,0.0237,0.0239,0.0246,0.0248,0.0252,0.0259,0.0261,0.0265,0.0267,0.0271,0.0271,0.0268,0.0263,0.0162,0.0155,0.0224,0.0193,0.024,0.0291,0.0294,0.0299,0.0297,0.031,0.0322,0.033,0.0339,0.034,0.0328,0.0309,0.0345,0.0359,0.0347,0.033,0.0316,0.0293,0.0275,0.0116,0.000463,0.000434,0.0016,0.00474,0.000581,0.00296,0.00452,0.0198,0.0131,0.012,0.0221,0.0119,0.0173,0.0293,0.0328,0.0354,0.036,0.0374,0.0378,0.0386,0.0395,0.0382,0.0387,0.0409,0.0403,0.0404,0.0428,0.0429,0.0429,0.0431,0.0437,0.0428,0.0432,0.0421
ISPRS26_88,CTOA,0,0.5,0.5,None,73,0.25*215+0.25*457+0.25*459+0.25*460,20.0,1500_15_05_26,None,NaN,None,Mid-Lat Spring,FINCH_ISPRS,200.0,0.0162,0.0174,0.0195,0.0171,0.017,0.0142,0.0154,0.0206,0.0205,0.0223,0.0226,0.0227,0.0235,0.0237,0.0242,0.0246,0.0245,0.0252,0.0254,0.0255,0.0251,0.0248,0.0153,0.0147,0.0209,0.018,0.0224,0.0272,0.0276,0.0281,0.0278,0.0288,0.0299,0.0307,0.0312,0.0318,0.031,0.0293,0.0325,0.0333,0.0327,0.0308,0.0298,0.0274,0.0262,0.0116,0.000439,0.000407,0.00151,0.00455,0.000556,0.00286,0.00435,0.0189,0.0125,0.0116,0.0214,0.0115,0.0166,0.0281,0.0316,0.0336,0.0343,0.0354,0.0363,0.0372,0.038,0.0369,0.0371,0.0398,0.0387,0.0388,0.0415,0.0418,0.0413,0.0416,0.0422,0.0417,0.0416,0.0408
ISPRS26_89,CTOA,0,0.5,0.5,None,76,0.25*215+0.25*457+0.25*459+0.25*460,20.0,1500_15_05_26,None,NaN,None,Mid-Lat Spring,FINCH_ISPRS,200.0,0.0165,0.0177,0.02,0.0172,0.0173,0.0143,0.0157,0.021,0.0208,0.0228,0.0231,0.0236,0.0236,0.0243,0.0248,0.0251,0.0254,0.0259,0.0258,0.0264,0.0259,0.0254,0.0156,0.015,0.0216,0.0184,0.023,0.0279,0.0281,0.0287,0.0288,0.0297,0.0305,0.0315,0.032,0.0327,0.032,0.0299,0.0333,0.0341,0.0333,0.0315,0.0302,0.028,0.0264,0.0112,0.000443,0.000416,0.00151,0.00451,0.000555,0.00284,0.00438,0.0188,0.0125,0.0115,0.0213,0.0116,0.0166,0.0282,0.0315,0.0338,0.0344,0.0357,0.0359,0.0373,0.0377,0.0365,0.0369,0.0398,0.0386,0.0389,0.0409,0.0417,0.0411,0.0412,0.0417,0.0416,0.0409,0.0402
ISPRS26_90,CTOA,0,0.6,0.4,None,73,0.25*215+0.25*457+0.25*459+0.25*460,20.0,1500_15_05_26,None,NaN,None,Mid-Lat Spring,FINCH_ISPRS,200.0,0.0155,0.0169,0.0188,0.0162,0.0163,0.0135,0.0146,0.0198,0.0194,0.0213,0.0216,0.0219,0.0226,0.0229,0.0233,0.0235,0.0239,0.0243,0.0244,0.0243,0.0241,0.0237,0.0147,0.0139,0.0202,0.0173,0.0216,0.0259,0.0266,0.0268,0.0268,0.0277,0.029,0.0296,0.0301,0.0304,0.0296,0.0277,0.0311,0.032,0.0313,0.0296,0.0288,0.0263,0.0249,0.011,0.000415,0.000392,0.00143,0.00434,0.00054,0.00273,0.0042,0.0181,0.012,0.0111,0.0205,0.0109,0.0159,0.0269,0.0301,0.0324,0.033,0.0346,0.0348,0.0355,0.0365,0.0352,0.0357,0.0379,0.0372,0.0376,0.0399,0.04,0.0397,0.0399,0.0403,0.0402,0.0399,0.0393
ISPRS26_91,CTOA,0,0.6,0.4,None,76,0.25*215+0.25*457+0.25*459+0.25*460,20.0,1500_15_05_26,None,NaN,None,Mid-Lat Spring,FINCH_ISPRS,200.0,0.0144,0.0156,0.0172,0.0149,0.0151,0.0125,0.0137,0.0181,0.0184,0.0198,0.0203,0.0204,0.0208,0.0215,0.0214,0.0219,0.0221,0.0222,0.0227,0.0228,0.0225,0.0223,0.0135,0.013,0.0189,0.016,0.0203,0.0243,0.0246,0.0248,0.0251,0.026,0.0269,0.0277,0.0282,0.0283,0.0277,0.0261,0.0291,0.0299,0.0292,0.0274,0.0267,0.0244,0.0229,0.00969,0.00039,0.000361,0.00133,0.00395,0.000479,0.00248,0.0038,0.0165,0.011,0.00997,0.0186,0.00991,0.0146,0.0247,0.0278,0.0294,0.0299,0.0313,0.0315,0.0321,0.033,0.0322,0.0327,0.0345,0.0337,0.0338,0.0355,0.0363,0.0359,0.036,0.0363,0.0363,0.036,0.0348
ISPRS26_92,CTOA,0,0.7,0.3,None,73,0.25*215+0.25*457+0.25*459+0.25*460,20.0,1500_15_05_26,None,NaN,None,Mid-Lat Spring,FINCH_ISPRS,200.0,0.0137,0.0147,0.0165,0.0141,0.0142,0.0118,0.0128,0.0173,0.017,0.0187,0.019,0.0191,0.0194,0.0199,0.0204,0.0206,0.0207,0.0211,0.0215,0.0213,0.0208,0.0206,0.0128,0.0122,0.0176,0.0151,0.0188,0.0227,0.0232,0.0236,0.0234,0.024,0.0249,0.0257,0.0263,0.0267,0.0262,0.0245,0.027,0.0279,0.0273,0.0259,0.0248,0.0228,0.0218,0.00959,0.000361,0.000341,0.00124,0.00378,0.000463,0.00238,0.00365,0.0158,0.0106,0.00966,0.0178,0.00959,0.0139,0.0236,0.0264,0.028,0.0287,0.03,0.0303,0.0316,0.0315,0.0303,0.0311,0.0325,0.0324,0.0324,0.0343,0.035,0.0346,0.0347,0.035,0.0349,0.0347,0.0342
ISPRS26_93,CTOA,0,0.7,0.3,None,76,0.25*215+0.25*457+0.25*459+0.25*460,20.0,1500_15_05_26,None,NaN,None,Mid-Lat Spring,FINCH_ISPRS,200.0,0.0108,0.0117,0.013,0.0114,0.0113,0.00948,0.0103,0.0139,0.0138,0.0151,0.0154,0.0156,0.0158,0.0161,0.0164,0.0166,0.0167,0.0169,0.0172,0.0173,0.017,0.0168,0.0103,0.00988,0.0141,0.0121,0.0153,0.0185,0.0187,0.0187,0.0189,0.0198,0.0202,0.0209,0.0211,0.0215,0.0208,0.0197,0.0218,0.0227,0.0222,0.021,0.0201,0.0184,0.0176,0.00731,0.000291,0.000275,0.001,0.00296,0.000365,0.00189,0.00287,0.0125,0.00827,0.00765,0.014,0.00756,0.011,0.0185,0.0208,0.0223,0.0224,0.0235,0.0239,0.0246,0.0249,0.0241,0.0245,0.0262,0.0256,0.0255,0.0272,0.027,0.0269,0.0269,0.0276,0.0271,0.0269,0.0262
ISPRS26_94,CTOA,0,0.8,0.2,None,73,0.25*215+0.25*457+0.25*459+0.25*460,20.0,1500_15_05_26,None,NaN,None,Mid-Lat Spring,FINCH_ISPRS,200.0,0.0104,0.0111,0.0123,0.0108,0.0107,0.009,0.0097,0.013,0.0129,0.014,0.0143,0.0146,0.0149,0.0151,0.0154,0.0155,0.0156,0.0159,0.0161,0.0162,0.0162,0.0158,0.00966,0.00919,0.0132,0.0113,0.0143,0.0172,0.0174,0.0178,0.0178,0.0183,0.0189,0.0195,0.0196,0.0202,0.0195,0.0184,0.0205,0.0212,0.0206,0.0196,0.0187,0.0173,0.0165,0.00723,0.000274,0.000256,0.000955,0.00289,0.000353,0.00181,0.00277,0.0119,0.00796,0.00733,0.0134,0.00731,0.0105,0.0178,0.02,0.0213,0.0215,0.0228,0.0228,0.0234,0.0237,0.0233,0.0236,0.0249,0.0246,0.0246,0.0259,0.0264,0.0262,0.0261,0.0266,0.0263,0.0263,0.0259
ISPRS26_95,CTOA,0,0.8,0.2,None,76,0.25*215+0.25*457+0.25*459+0.25*460,20.0,1500_15_05_26,None,NaN,None,Mid-Lat Spring,FINCH_ISPRS,200.0,0.00603,0.00654,0.0073,0.00628,0.00633,0.00531,0.00582,0.00779,0.00775,0.00836,0.00851,0.0087,0.00881,0.00898,0.00912,0.0093,0.00936,0.00951,0.00969,0.00971,0.00951,0.00939,0.00579,0.00546,0.00789,0.00673,0.0085,0.0103,0.0105,0.0107,0.0105,0.011,0.0113,0.0116,0.0118,0.0119,0.0115,0.011,0.0122,0.0125,0.0123,0.0117,0.0112,0.0102,0.00979,0.00408,0.000162,0.000152,0.000556,0.00167,0.000203,0.00104,0.0016,0.00691,0.00467,0.00426,0.00783,0.00419,0.00606,0.0103,0.0116,0.0123,0.0126,0.0132,0.0133,0.0136,0.0138,0.0134,0.0135,0.0144,0.0142,0.0141,0.0152,0.0152,0.015,0.015,0.0154,0.0152,0.0151,0.0147
ISPRS26_96,CTOA,0,0.9,0.1,None,73,0.25*215+0.25*457+0.25*459+0.25*460,20.0,1500_15_05_26,None,NaN,None,Mid-Lat Spring,FINCH_ISPRS,200.0,0.00578,0.00625,0.00693,0.00603,0.006,0.00499,0.00543,0.00734,0.00725,0.00792,0.008,0.0082,0.0083,0.00846,0.00859,0.00865,0.00874,0.00886,0.00909,0.00903,0.00888,0.00867,0.00535,0.00517,0.00736,0.00636,0.00798,0.00956,0.00969,0.00989,0.00983,0.0102,0.0105,0.0108,0.0111,0.0112,0.0109,0.0102,0.0115,0.0118,0.0115,0.011,0.0105,0.00958,0.0092,0.00402,0.000152,0.000143,0.000522,0.0016,0.000197,0.001,0.00155,0.00667,0.00445,0.00408,0.0075,0.00399,0.00582,0.00989,0.0111,0.0118,0.0122,0.0127,0.0128,0.0132,0.0133,0.0129,0.0131,0.0139,0.0137,0.0136,0.0146,0.0147,0.0145,0.0145,0.0146,0.0146,0.0146,0.0142
ISPRS26_97,CTOA,0,0.0,1.0,None,None,215,25.0,1500_15_05_26,None,NaN,None,Mid-Lat Spring,FINCH_ISPRS,200.0,0.267,0.284,0.302,0.287,0.288,0.256,0.27,0.316,0.319,0.323,0.319,0.325,0.327,0.33,0.335,0.339,0.34,0.343,0.353,0.354,0.352,0.357,0.278,0.271,0.324,0.302,0.341,0.377,0.377,0.381,0.381,0.387,0.393,0.395,0.405,0.407,0.395,0.375,0.408,0.416,0.412,0.409,0.399,0.392,0.379,0.262,0.0647,0.075,0.102,0.194,0.0512,0.119,0.146,0.337,0.264,0.24,0.35,0.247,0.302,0.398,0.418,0.429,0.437,0.439,0.444,0.449,0.452,0.438,0.443,0.461,0.45,0.444,0.465,0.462,0.467,0.459,0.462,0.467,0.465,0.465
ISPRS26_98,CTOA,0,0.0,1.0,None,None,457,25.0,1500_15_05_26,None,NaN,None,Mid-Lat Spring,FINCH_ISPRS,200.0,0.295,0.312,0.336,0.316,0.318,0.284,0.298,0.346,0.346,0.354,0.353,0.357,0.36,0.364,0.367,0.367,0.372,0.377,0.383,0.381,0.382,0.39,0.302,0.295,0.353,0.323,0.362,0.401,0.399,0.405,0.403,0.411,0.414,0.425,0.424,0.431,0.418,0.392,0.428,0.441,0.433,0.427,0.416,0.406,0.396,0.278,0.0658,0.0931,0.118,0.217,0.0547,0.128,0.155,0.354,0.276,0.251,0.37,0.261,0.317,0.42,0.438,0.451,0.451,0.457,0.46,0.465,0.471,0.453,0.457,0.476,0.461,0.457,0.478,0.477,0.474,0.474,0.48,0.482,0.48,0.478
ISPRS26_99,CTOA,0,0.0,1.0,None,None,459,25.0,1500_15_05_26,None,NaN,None,Mid-Lat Spring,FINCH_ISPRS,200.0,0.286,0.3,0.32,0.303,0.303,0.273,0.289,0.332,0.333,0.343,0.349,0.35,0.355,0.361,0.367,0.368,0.369,0.372,0.377,0.382,0.378,0.385,0.3,0.294,0.349,0.323,0.363,0.399,0.399,0.411,0.402,0.409,0.416,0.42,0.425,0.426,0.412,0.394,0.425,0.434,0.436,0.422,0.411,0.402,0.395,0.269,0.0586,0.0745,0.104,0.207,0.0545,0.128,0.157,0.36,0.279,0.256,0.37,0.263,0.317,0.418,0.442,0.448,0.455,0.463,0.461,0.47,0.472,0.46,0.456,0.475,0.463,0.462,0.481,0.479,0.475,0.481,0.48,0.48,0.483,0.484
ISPRS26_100,CTOA,0,0.0,1.0,None,None,460,25.0,1500_15_05_26,None,NaN,None,Mid-Lat Spring,FINCH_ISPRS,200.0,0.347,0.372,0.395,0.37,0.37,0.336,0.355,0.415,0.414,0.436,0.452,0.455,0.462,0.468,0.477,0.483,0.487,0.491,0.496,0.502,0.498,0.494,0.391,0.379,0.456,0.428,0.487,0.538,0.536,0.55,0.548,0.565,0.578,0.596,0.599,0.609,0.597,0.572,0.626,0.643,0.646,0.633,0.612,0.607,0.574,0.369,0.0832,0.0981,0.131,0.249,0.0672,0.158,0.192,0.438,0.348,0.321,0.471,0.337,0.421,0.564,0.605,0.632,0.647,0.663,0.677,0.693,0.702,0.684,0.7,0.747,0.746,0.745,0.787,0.795,0.806,0.801,0.814,0.797,0.795,0.778
ISPRS26_101,CTOA,0,1.0,0.0,None,73,None,25.0,1500_15_05_26,None,NaN,None,Mid-Lat Spring,FINCH_ISPRS,200.0,0.325,0.344,0.361,0.34,0.339,0.306,0.324,0.381,0.38,0.401,0.41,0.421,0.423,0.427,0.432,0.431,0.442,0.448,0.452,0.453,0.456,0.457,0.35,0.344,0.415,0.386,0.439,0.485,0.491,0.498,0.498,0.51,0.523,0.533,0.542,0.549,0.538,0.517,0.573,0.576,0.585,0.565,0.558,0.545,0.532,0.362,0.0739,0.0887,0.12,0.236,0.0634,0.15,0.18,0.413,0.328,0.303,0.447,0.32,0.395,0.529,0.563,0.597,0.609,0.628,0.639,0.647,0.654,0.649,0.657,0.694,0.692,0.699,0.745,0.755,0.755,0.755,0.762,0.76,0.751,0.737
ISPRS26_102,CTOA,0,1.0,0.0,None,76,None,25.0,1500_15_05_26,None,NaN,None,Mid-Lat Spring,FINCH_ISPRS,200.0,0.373,0.393,0.422,0.398,0.399,0.354,0.375,0.433,0.435,0.448,0.445,0.45,0.456,0.459,0.459,0.467,0.466,0.476,0.48,0.487,0.483,0.489,0.383,0.372,0.439,0.41,0.456,0.51,0.506,0.514,0.508,0.519,0.528,0.534,0.533,0.541,0.529,0.496,0.543,0.554,0.55,0.531,0.526,0.512,0.5,0.329,0.0738,0.0929,0.132,0.252,0.0664,0.157,0.192,0.443,0.349,0.318,0.466,0.324,0.395,0.518,0.544,0.558,0.569,0.572,0.577,0.575,0.587,0.565,0.565,0.588,0.579,0.576,0.599,0.599,0.591,0.592,0.599,0.605,0.602,0.601
ISPRS26_103,CTOA,0,0.0,1.0,None,None,0.25*215+0.25*457+0.25*459+0.25*460,25.0,1500_15_05_26,None,NaN,None,Mid-Lat Spring,FINCH_ISPRS,200.0,0.00683,0.00724,0.00775,0.00728,0.00743,0.00667,0.00701,0.00826,0.00826,0.00862,0.00882,0.00885,0.00902,0.0092,0.00934,0.00943,0.00952,0.00968,0.00987,0.01,0.0101,0.0102,0.00798,0.00779,0.00937,0.0087,0.00978,0.0109,0.0109,0.0111,0.0111,0.0112,0.0116,0.0119,0.012,0.0123,0.0118,0.0113,0.0124,0.0127,0.0127,0.0124,0.0124,0.012,0.0117,0.00754,0.00173,0.00214,0.00295,0.00557,0.00146,0.00345,0.00413,0.00944,0.00746,0.00674,0.01,0.00707,0.00875,0.0116,0.0123,0.0129,0.013,0.0134,0.0135,0.0138,0.0138,0.0136,0.0139,0.0146,0.0144,0.0143,0.0152,0.0153,0.0152,0.0152,0.0153,0.0153,0.015,0.0151
ISPRS26_104,CTOA,0,0.1,0.9,None,73,0.25*215+0.25*457+0.25*459+0.25*460,25.0,1500_15_05_26,None,NaN,None,Mid-Lat Spring,FINCH_ISPRS,200.0,0.00647,0.00683,0.00732,0.00698,0.00706,0.00626,0.0066,0.0077,0.00778,0.0081,0.00818,0.00837,0.00839,0.00867,0.00875,0.00888,0.00886,0.009,0.00919,0.00931,0.00948,0.00955,0.0076,0.00723,0.00875,0.00816,0.0093,0.0101,0.0102,0.0104,0.0104,0.0106,0.0109,0.0111,0.0113,0.0114,0.0113,0.0106,0.0117,0.012,0.0119,0.0117,0.0117,0.0113,0.011,0.0075,0.00162,0.00201,0.00279,0.00536,0.0014,0.00327,0.00397,0.009,0.00711,0.00657,0.00967,0.00679,0.00843,0.0113,0.0119,0.0122,0.0125,0.0128,0.0129,0.0131,0.0133,0.0131,0.0133,0.0139,0.0138,0.0138,0.0146,0.0148,0.0147,0.0147,0.0149,0.015,0.0146,0.0146
ISPRS26_105,CTOA,0,0.1,0.9,None,76,0.25*215+0.25*457+0.25*459+0.25*460,25.0,1500_15_05_26,None,NaN,None,Mid-Lat Spring,FINCH_ISPRS,200.0,0.0122,0.0129,0.0139,0.0132,0.0132,0.0119,0.0125,0.0146,0.0148,0.0154,0.0157,0.0158,0.0159,0.0165,0.0168,0.017,0.017,0.0173,0.0176,0.0178,0.0179,0.0183,0.0144,0.014,0.0168,0.0158,0.0177,0.0194,0.0195,0.0198,0.02,0.0203,0.0208,0.0214,0.0216,0.0217,0.0213,0.0204,0.0223,0.0229,0.0229,0.0228,0.0222,0.0216,0.021,0.0137,0.00313,0.00384,0.00529,0.01,0.00263,0.00615,0.00742,0.0169,0.0134,0.0122,0.0182,0.0128,0.0156,0.021,0.0223,0.0228,0.0234,0.024,0.0242,0.0247,0.0251,0.0244,0.0246,0.0264,0.0261,0.0258,0.0274,0.0275,0.027,0.0275,0.0274,0.0276,0.0273,0.0269
ISPRS26_106,CTOA,0,0.2,0.8,None,73,0.25*215+0.25*457+0.25*459+0.25*460,25.0,1500_15_05_26,None,NaN,None,Mid-Lat Spring,FINCH_ISPRS,200.0,0.0115,0.0122,0.013,0.0124,0.0126,0.0111,0.0119,0.0138,0.0138,0.0145,0.0147,0.015,0.0152,0.0155,0.0155,0.0158,0.016,0.016,0.0165,0.0168,0.017,0.0172,0.0134,0.0132,0.0157,0.0145,0.0164,0.0182,0.0182,0.0185,0.0188,0.0191,0.0195,0.02,0.0202,0.0204,0.0202,0.0189,0.021,0.0214,0.0215,0.0211,0.0209,0.0204,0.02,0.0134,0.00291,0.00361,0.005,0.00974,0.00254,0.00593,0.00708,0.0163,0.0129,0.0118,0.0174,0.0122,0.0151,0.0201,0.0213,0.0221,0.0226,0.0231,0.0233,0.0238,0.0243,0.0234,0.0237,0.0251,0.0249,0.025,0.0261,0.0264,0.0263,0.0263,0.027,0.0264,0.0264,0.0262
ISPRS26_107,CTOA,0,0.2,0.8,None,76,0.25*215+0.25*457+0.25*459+0.25*460,25.0,1500_15_05_26,None,NaN,None,Mid-Lat Spring,FINCH_ISPRS,200.0,0.0159,0.0169,0.0183,0.0174,0.0174,0.0156,0.0166,0.0195,0.0193,0.0203,0.0205,0.0209,0.0211,0.0216,0.022,0.0224,0.0225,0.023,0.0232,0.0237,0.0238,0.0243,0.019,0.0185,0.0222,0.0206,0.0234,0.0257,0.0259,0.0262,0.0264,0.0268,0.0273,0.0281,0.0286,0.0287,0.0285,0.027,0.0294,0.0304,0.0305,0.0297,0.0291,0.0284,0.028,0.0182,0.00415,0.00514,0.00701,0.0132,0.00349,0.00812,0.00985,0.0226,0.0177,0.0161,0.0239,0.0169,0.0208,0.0278,0.0298,0.0304,0.0309,0.0318,0.0321,0.0328,0.0332,0.032,0.0328,0.0346,0.0341,0.0343,0.0361,0.0359,0.0365,0.0363,0.0368,0.0364,0.0362,0.0357
ISPRS26_108,CTOA,0,0.3,0.7,None,73,0.25*215+0.25*457+0.25*459+0.25*460,25.0,1500_15_05_26,None,NaN,None,Mid-Lat Spring,FINCH_ISPRS,200.0,0.0152,0.0161,0.0172,0.0163,0.0167,0.0147,0.0157,0.0182,0.0183,0.0191,0.0193,0.0196,0.02,0.0204,0.0206,0.0209,0.0211,0.0215,0.0216,0.0222,0.0225,0.0227,0.0179,0.0173,0.0209,0.0192,0.0218,0.024,0.0242,0.0247,0.0248,0.0254,0.0257,0.0261,0.0268,0.0271,0.0262,0.0254,0.0279,0.0283,0.0287,0.028,0.0273,0.0266,0.0264,0.0178,0.00388,0.00474,0.00669,0.0128,0.00338,0.00781,0.00943,0.0216,0.0169,0.0156,0.0229,0.0163,0.0199,0.0265,0.0281,0.0294,0.03,0.0306,0.0308,0.0314,0.0318,0.0313,0.0316,0.0336,0.0327,0.0329,0.0343,0.0351,0.0351,0.0351,0.0355,0.0354,0.0351,0.0341
ISPRS26_109,CTOA,0,0.3,0.7,None,76,0.25*215+0.25*457+0.25*459+0.25*460,25.0,1500_15_05_26,None,NaN,None,Mid-Lat Spring,FINCH_ISPRS,200.0,0.0185,0.0194,0.0209,0.0199,0.0201,0.018,0.0192,0.0223,0.0221,0.0233,0.0239,0.0239,0.0243,0.0249,0.0252,0.0255,0.0258,0.0261,0.0269,0.0271,0.0274,0.0275,0.0218,0.0212,0.0254,0.0234,0.0266,0.0294,0.0296,0.03,0.0301,0.0307,0.0314,0.0321,0.0325,0.0329,0.0324,0.0308,0.0342,0.0346,0.0345,0.0342,0.0337,0.0327,0.0321,0.0208,0.00474,0.00585,0.00804,0.0151,0.00403,0.00937,0.0113,0.0259,0.0202,0.0185,0.0275,0.0192,0.0239,0.0317,0.0338,0.0351,0.0356,0.0362,0.0367,0.0375,0.038,0.0371,0.0379,0.04,0.0393,0.0392,0.0413,0.0415,0.0418,0.0417,0.0422,0.042,0.0417,0.0409
ISPRS26_110,CTOA,0,0.4,0.6,None,73,0.25*215+0.25*457+0.25*459+0.25*460,25.0,1500_15_05_26,None,NaN,None,Mid-Lat Spring,FINCH_ISPRS,200.0,0.0174,0.0185,0.0198,0.0189,0.019,0.0169,0.0179,0.0209,0.0211,0.0219,0.0221,0.0224,0.0227,0.0232,0.0237,0.024,0.0238,0.0246,0.025,0.0256,0.0255,0.0263,0.0206,0.0199,0.0239,0.0221,0.025,0.0276,0.0278,0.0285,0.0284,0.0289,0.0294,0.0302,0.0303,0.031,0.0307,0.0289,0.0317,0.0325,0.0325,0.0323,0.0313,0.031,0.0303,0.0204,0.00443,0.0055,0.00759,0.0147,0.00387,0.00896,0.0108,0.0247,0.0195,0.018,0.0263,0.0186,0.0228,0.0303,0.0318,0.0334,0.0338,0.0348,0.0355,0.0362,0.0368,0.036,0.0364,0.0382,0.0378,0.0377,0.0399,0.0405,0.0401,0.0403,0.0409,0.0403,0.0405,0.0398
ISPRS26_111,CTOA,0,0.4,0.6,None,76,0.25*215+0.25*457+0.25*459+0.25*460,25.0,1500_15_05_26,None,NaN,None,Mid-Lat Spring,FINCH_ISPRS,200.0,0.0192,0.0202,0.0217,0.0206,0.021,0.0187,0.0197,0.0234,0.0233,0.0243,0.0249,0.025,0.0257,0.0259,0.0263,0.0266,0.0269,0.0275,0.0278,0.0282,0.0285,0.0289,0.0228,0.0224,0.0265,0.0246,0.0277,0.031,0.0309,0.0312,0.0313,0.0324,0.0329,0.0334,0.0342,0.0348,0.034,0.0323,0.0354,0.0364,0.0363,0.0355,0.0349,0.0342,0.0332,0.0218,0.00493,0.0061,0.00841,0.0159,0.0041,0.00973,0.0118,0.0268,0.021,0.0195,0.0284,0.0201,0.0249,0.033,0.0349,0.0363,0.0374,0.0382,0.0387,0.0393,0.0396,0.0392,0.0393,0.0413,0.0406,0.0409,0.0433,0.0438,0.043,0.0437,0.0439,0.0436,0.0432,0.0428
ISPRS26_112,CTOA,0,0.5,0.5,None,73,0.25*215+0.25*457+0.25*459+0.25*460,25.0,1500_15_05_26,None,NaN,None,Mid-Lat Spring,FINCH_ISPRS,200.0,0.0183,0.0191,0.0207,0.0196,0.0198,0.0177,0.0187,0.0217,0.0218,0.0227,0.0232,0.0234,0.0238,0.0242,0.0247,0.0247,0.0252,0.0254,0.0262,0.0264,0.0268,0.027,0.0213,0.0209,0.0249,0.0229,0.0263,0.0289,0.0289,0.0291,0.0294,0.0303,0.0305,0.0314,0.0323,0.0324,0.0317,0.03,0.033,0.0339,0.0342,0.0337,0.0328,0.0322,0.0315,0.0214,0.00464,0.00576,0.00801,0.0152,0.00403,0.00935,0.0113,0.0256,0.0204,0.0186,0.0277,0.0193,0.0239,0.0315,0.0336,0.0351,0.0355,0.0364,0.037,0.0376,0.038,0.0374,0.0379,0.0401,0.0391,0.0395,0.0415,0.0416,0.0418,0.0418,0.0422,0.0419,0.0418,0.0417
ISPRS26_113,CTOA,0,0.5,0.5,None,76,0.25*215+0.25*457+0.25*459+0.25*460,25.0,1500_15_05_26,None,NaN,None,Mid-Lat Spring,FINCH_ISPRS,200.0,0.0183,0.0195,0.0208,0.02,0.0201,0.018,0.019,0.0222,0.0222,0.0231,0.0237,0.0239,0.0245,0.0248,0.0254,0.0255,0.026,0.0262,0.0267,0.027,0.0274,0.028,0.022,0.0213,0.0253,0.0237,0.0268,0.0294,0.0298,0.0296,0.0304,0.0308,0.0316,0.0321,0.0325,0.0329,0.0324,0.0308,0.0342,0.035,0.0348,0.0341,0.0335,0.0327,0.0318,0.021,0.00476,0.00587,0.00804,0.0152,0.004,0.00941,0.0112,0.0258,0.0203,0.0185,0.0276,0.0193,0.0238,0.0316,0.0339,0.0349,0.0355,0.0365,0.0368,0.0374,0.0383,0.037,0.0379,0.0399,0.0392,0.0394,0.0412,0.0414,0.0418,0.0416,0.042,0.0421,0.0416,0.041
ISPRS26_114,CTOA,0,0.6,0.4,None,73,0.25*215+0.25*457+0.25*459+0.25*460,25.0,1500_15_05_26,None,NaN,None,Mid-Lat Spring,FINCH_ISPRS,200.0,0.0174,0.0184,0.0197,0.0189,0.0189,0.0171,0.0179,0.0209,0.0209,0.0219,0.0222,0.0223,0.0228,0.0234,0.0237,0.0242,0.0241,0.0244,0.0251,0.0253,0.0256,0.0263,0.0206,0.02,0.0238,0.0222,0.0248,0.0276,0.0277,0.0277,0.0283,0.0288,0.0298,0.0301,0.0306,0.0312,0.0306,0.0288,0.0316,0.0328,0.0324,0.0317,0.0316,0.0308,0.0302,0.0205,0.00443,0.00553,0.00762,0.0147,0.00385,0.00902,0.0109,0.0251,0.0193,0.0178,0.0264,0.0187,0.0229,0.0305,0.0322,0.0336,0.034,0.0346,0.0354,0.036,0.0363,0.0358,0.0362,0.0379,0.0375,0.0378,0.04,0.0403,0.0403,0.0401,0.0408,0.0402,0.0398,0.0396
ISPRS26_115,CTOA,0,0.6,0.4,None,76,0.25*215+0.25*457+0.25*459+0.25*460,25.0,1500_15_05_26,None,NaN,None,Mid-Lat Spring,FINCH_ISPRS,200.0,0.016,0.0168,0.0184,0.0174,0.0176,0.0157,0.0166,0.0195,0.0196,0.0204,0.0207,0.021,0.0212,0.0215,0.0221,0.0224,0.0225,0.0229,0.0234,0.0233,0.0237,0.0241,0.0191,0.0184,0.0221,0.0206,0.0235,0.0257,0.0259,0.0262,0.0265,0.027,0.0275,0.028,0.0285,0.0289,0.0283,0.0268,0.0295,0.0305,0.0305,0.0297,0.0294,0.0286,0.0276,0.0181,0.00412,0.00511,0.00702,0.0132,0.00352,0.00812,0.00981,0.0225,0.0177,0.0162,0.0242,0.0168,0.0206,0.0276,0.0294,0.0305,0.0311,0.0318,0.0318,0.0327,0.0332,0.0322,0.033,0.0349,0.0344,0.0344,0.0361,0.0365,0.0361,0.0361,0.0364,0.0365,0.036,0.0358
ISPRS26_116,CTOA,0,0.7,0.3,None,73,0.25*215+0.25*457+0.25*459+0.25*460,25.0,1500_15_05_26,None,NaN,None,Mid-Lat Spring,FINCH_ISPRS,200.0,0.0152,0.0161,0.0173,0.0164,0.0167,0.0147,0.0156,0.0183,0.0183,0.019,0.0194,0.0197,0.0201,0.0201,0.0207,0.021,0.0212,0.0213,0.0219,0.0222,0.0225,0.0228,0.0178,0.0174,0.0209,0.0193,0.0217,0.0239,0.0241,0.0246,0.0247,0.0253,0.0255,0.0263,0.0267,0.0269,0.0267,0.025,0.0275,0.0284,0.0285,0.0278,0.0275,0.0269,0.0266,0.0178,0.00387,0.00479,0.00669,0.0128,0.00333,0.00783,0.00934,0.0217,0.0168,0.0157,0.023,0.0161,0.0198,0.0263,0.028,0.0293,0.0295,0.0305,0.0309,0.0312,0.0318,0.031,0.0319,0.0334,0.0326,0.0327,0.0344,0.035,0.0348,0.035,0.0356,0.0352,0.035,0.0348
ISPRS26_117,CTOA,0,0.7,0.3,None,76,0.25*215+0.25*457+0.25*459+0.25*460,25.0,1500_15_05_26,None,NaN,None,Mid-Lat Spring,FINCH_ISPRS,200.0,0.0121,0.0129,0.0139,0.0132,0.0133,0.0119,0.0127,0.0149,0.0147,0.0154,0.0159,0.0159,0.0162,0.0164,0.0168,0.0169,0.0172,0.0173,0.0176,0.0178,0.018,0.0185,0.0144,0.0142,0.0167,0.0155,0.0176,0.0195,0.0196,0.0198,0.02,0.0203,0.021,0.0212,0.0215,0.0219,0.0214,0.0204,0.0225,0.0228,0.0228,0.0225,0.0222,0.0216,0.021,0.0139,0.00311,0.00386,0.00533,0.0101,0.00263,0.00614,0.0074,0.0171,0.0135,0.0121,0.0179,0.0127,0.0156,0.0208,0.0221,0.0229,0.0234,0.024,0.0242,0.0246,0.0251,0.0244,0.0248,0.0263,0.0258,0.0259,0.0272,0.0275,0.0274,0.0275,0.0275,0.0276,0.0274,0.0269
ISPRS26_118,CTOA,0,0.8,0.2,None,73,0.25*215+0.25*457+0.25*459+0.25*460,25.0,1500_15_05_26,None,NaN,None,Mid-Lat Spring,FINCH_ISPRS,200.0,0.0117,0.0122,0.0132,0.0125,0.0126,0.0111,0.0118,0.0139,0.0139,0.0144,0.0147,0.0148,0.0152,0.0153,0.0158,0.0158,0.0159,0.0162,0.0165,0.0168,0.0169,0.0172,0.0136,0.0132,0.0157,0.0146,0.0164,0.0182,0.0184,0.0186,0.0187,0.0189,0.0194,0.0198,0.0202,0.0205,0.0199,0.0192,0.0211,0.0215,0.0214,0.0211,0.0207,0.0203,0.02,0.0135,0.00291,0.00362,0.00506,0.00972,0.00254,0.00592,0.00712,0.0162,0.0129,0.0119,0.0173,0.0123,0.0151,0.02,0.0213,0.0221,0.0225,0.0231,0.0234,0.0235,0.0241,0.0236,0.0238,0.0251,0.0248,0.0248,0.0261,0.0264,0.0262,0.0266,0.0268,0.0268,0.0265,0.0264
ISPRS26_119,CTOA,0,0.8,0.2,None,76,0.25*215+0.25*457+0.25*459+0.25*460,25.0,1500_15_05_26,None,NaN,None,Mid-Lat Spring,FINCH_ISPRS,200.0,0.00683,0.00718,0.00774,0.00742,0.00749,0.00661,0.0071,0.00819,0.0083,0.00857,0.00877,0.00882,0.00905,0.00909,0.00937,0.00946,0.00965,0.0096,0.00994,0.0101,0.0101,0.0102,0.00801,0.0079,0.00936,0.00874,0.00979,0.0108,0.0109,0.011,0.0112,0.0113,0.0116,0.0119,0.012,0.0121,0.012,0.0113,0.0125,0.0128,0.0127,0.0125,0.0123,0.0121,0.0116,0.00761,0.00173,0.00214,0.00295,0.00555,0.00146,0.00343,0.00415,0.00959,0.00745,0.00678,0.01,0.00709,0.00882,0.0115,0.0125,0.0129,0.0131,0.0133,0.0133,0.0139,0.0139,0.0136,0.0137,0.0146,0.0144,0.0142,0.0152,0.0152,0.0151,0.0152,0.0154,0.0154,0.0153,0.015
ISPRS26_120,CTOA,0,0.9,0.1,None,73,0.25*215+0.25*457+0.25*459+0.25*460,25.0,1500_15_05_26,None,NaN,None,Mid-Lat Spring,FINCH_ISPRS,200.0,0.00642,0.00683,0.00734,0.00699,0.00705,0.00627,0.00664,0.00777,0.00781,0.00814,0.00831,0.00835,0.00848,0.00863,0.00876,0.00889,0.00893,0.00914,0.00927,0.00934,0.00938,0.00965,0.00753,0.00742,0.00876,0.00813,0.00921,0.0102,0.0103,0.0104,0.0105,0.0106,0.0108,0.0111,0.0111,0.0113,0.0111,0.0106,0.0117,0.012,0.012,0.0117,0.0116,0.0113,0.0111,0.0075,0.00163,0.00202,0.00279,0.00531,0.00141,0.00329,0.00394,0.00914,0.00712,0.00651,0.00966,0.0069,0.00841,0.0111,0.0118,0.0122,0.0125,0.0127,0.013,0.0131,0.0134,0.0131,0.0133,0.0139,0.0138,0.0138,0.0146,0.0148,0.0145,0.0147,0.0149,0.0147,0.0147,0.0146
ISPRS26_121,CTOA,0,0.0,1.0,None,None,215,30.0,1500_15_05_26,None,NaN,None,Mid-Lat Spring,FINCH_ISPRS,200.0,0.289,0.296,0.313,0.315,0.312,0.298,0.309,0.328,0.33,0.327,0.321,0.326,0.329,0.334,0.338,0.343,0.346,0.347,0.35,0.358,0.364,0.378,0.342,0.335,0.359,0.35,0.372,0.382,0.39,0.393,0.394,0.397,0.397,0.404,0.407,0.408,0.401,0.382,0.409,0.421,0.424,0.425,0.427,0.427,0.427,0.387,0.234,0.274,0.256,0.363,0.185,0.265,0.284,0.404,0.361,0.339,0.408,0.35,0.375,0.427,0.434,0.44,0.439,0.447,0.449,0.449,0.455,0.444,0.448,0.463,0.451,0.452,0.462,0.467,0.466,0.467,0.469,0.468,0.469,0.469
ISPRS26_122,CTOA,0,0.0,1.0,None,None,457,30.0,1500_15_05_26,None,NaN,None,Mid-Lat Spring,FINCH_ISPRS,200.0,0.319,0.33,0.34,0.345,0.342,0.324,0.334,0.355,0.356,0.357,0.353,0.36,0.366,0.364,0.37,0.375,0.379,0.379,0.384,0.39,0.397,0.409,0.368,0.364,0.39,0.375,0.399,0.412,0.408,0.416,0.418,0.421,0.422,0.423,0.429,0.435,0.423,0.406,0.435,0.439,0.441,0.44,0.446,0.447,0.447,0.405,0.239,0.335,0.301,0.404,0.198,0.28,0.301,0.427,0.375,0.361,0.431,0.367,0.396,0.446,0.452,0.458,0.461,0.463,0.458,0.463,0.469,0.457,0.462,0.469,0.464,0.462,0.477,0.484,0.477,0.475,0.485,0.487,0.479,0.478
ISPRS26_123,CTOA,0,0.0,1.0,None,None,459,30.0,1500_15_05_26,None,NaN,None,Mid-Lat Spring,FINCH_ISPRS,200.0,0.304,0.316,0.33,0.332,0.337,0.313,0.322,0.341,0.343,0.347,0.35,0.352,0.358,0.362,0.366,0.373,0.372,0.377,0.381,0.388,0.39,0.403,0.369,0.361,0.386,0.375,0.394,0.409,0.412,0.414,0.414,0.419,0.421,0.422,0.428,0.43,0.426,0.401,0.436,0.441,0.446,0.442,0.445,0.445,0.445,0.396,0.211,0.269,0.261,0.39,0.196,0.28,0.303,0.43,0.381,0.359,0.435,0.367,0.398,0.449,0.457,0.459,0.462,0.465,0.464,0.471,0.472,0.459,0.46,0.479,0.471,0.464,0.482,0.48,0.478,0.481,0.487,0.484,0.486,0.486
ISPRS26_124,CTOA,0,0.0,1.0,None,None,460,30.0,1500_15_05_26,None,NaN,None,Mid-Lat Spring,FINCH_ISPRS,200.0,0.384,0.389,0.407,0.403,0.405,0.382,0.4,0.424,0.429,0.443,0.455,0.456,0.468,0.473,0.478,0.486,0.493,0.49,0.501,0.51,0.516,0.524,0.479,0.468,0.508,0.494,0.528,0.555,0.558,0.563,0.568,0.577,0.59,0.595,0.603,0.615,0.61,0.587,0.636,0.655,0.661,0.648,0.657,0.658,0.646,0.545,0.3,0.355,0.325,0.47,0.243,0.348,0.376,0.525,0.474,0.458,0.552,0.479,0.526,0.598,0.629,0.647,0.655,0.675,0.682,0.692,0.707,0.699,0.706,0.75,0.75,0.764,0.797,0.813,0.812,0.813,0.82,0.805,0.79,0.776
ISPRS26_125,CTOA,0,1.0,0.0,None,73,None,30.0,1500_15_05_26,None,NaN,None,Mid-Lat Spring,FINCH_ISPRS,200.0,0.35,0.363,0.371,0.371,0.372,0.354,0.37,0.392,0.397,0.409,0.414,0.419,0.428,0.435,0.438,0.443,0.442,0.45,0.462,0.463,0.471,0.48,0.437,0.427,0.454,0.448,0.479,0.502,0.5,0.513,0.516,0.519,0.527,0.545,0.544,0.55,0.548,0.534,0.577,0.583,0.592,0.593,0.595,0.595,0.593,0.535,0.273,0.319,0.299,0.441,0.232,0.329,0.35,0.496,0.443,0.429,0.518,0.448,0.493,0.565,0.585,0.605,0.617,0.634,0.634,0.65,0.664,0.656,0.663,0.704,0.695,0.706,0.743,0.76,0.76,0.767,0.766,0.759,0.757,0.745
ISPRS26_126,CTOA,0,1.0,0.0,None,76,None,30.0,1500_15_05_26,None,NaN,None,Mid-Lat Spring,FINCH_ISPRS,200.0,0.403,0.419,0.429,0.436,0.438,0.41,0.419,0.447,0.45,0.449,0.451,0.455,0.457,0.46,0.465,0.469,0.472,0.48,0.488,0.491,0.5,0.521,0.47,0.459,0.496,0.474,0.502,0.515,0.522,0.53,0.53,0.534,0.533,0.538,0.545,0.547,0.536,0.509,0.552,0.555,0.564,0.554,0.555,0.562,0.561,0.482,0.267,0.336,0.333,0.476,0.241,0.347,0.375,0.538,0.474,0.451,0.545,0.468,0.494,0.556,0.562,0.577,0.571,0.579,0.579,0.586,0.585,0.575,0.578,0.595,0.583,0.58,0.594,0.596,0.597,0.592,0.606,0.609,0.6,0.607
ISPRS26_127,CTOA,0,0.0,1.0,None,None,0.25*215+0.25*457+0.25*459+0.25*460,30.0,1500_15_05_26,None,NaN,None,Mid-Lat Spring,FINCH_ISPRS,200.0,0.00729,0.0076,0.00799,0.00808,0.00814,0.00771,0.00795,0.0085,0.00851,0.00875,0.00875,0.00901,0.00913,0.00929,0.00941,0.00953,0.00974,0.00983,0.00996,0.0101,0.0104,0.0108,0.00988,0.00969,0.0105,0.0101,0.0107,0.0112,0.0112,0.0114,0.0114,0.0116,0.0117,0.012,0.0121,0.0123,0.0121,0.0116,0.0127,0.0129,0.013,0.013,0.0131,0.0132,0.0132,0.0112,0.00631,0.0077,0.00736,0.0104,0.0053,0.00746,0.00807,0.0113,0.0101,0.00962,0.0116,0.00996,0.0109,0.0125,0.0128,0.013,0.0132,0.0135,0.0136,0.0138,0.014,0.014,0.014,0.0145,0.0144,0.0146,0.0153,0.0153,0.0154,0.0153,0.0155,0.0153,0.0152,0.0151
ISPRS26_128,CTOA,0,0.1,0.9,None,73,0.25*215+0.25*457+0.25*459+0.25*460,30.0,1500_15_05_26,None,NaN,None,Mid-Lat Spring,FINCH_ISPRS,200.0,0.00698,0.00726,0.00756,0.0076,0.00763,0.00728,0.00748,0.00806,0.00804,0.00828,0.00825,0.0084,0.00852,0.00873,0.00883,0.00891,0.00897,0.00916,0.00932,0.00943,0.00977,0.0101,0.00919,0.0091,0.00972,0.00945,0.00998,0.0103,0.0106,0.0106,0.0106,0.0109,0.011,0.0111,0.0114,0.0115,0.0114,0.011,0.0119,0.0121,0.0122,0.0123,0.0123,0.0123,0.0123,0.0111,0.00589,0.00733,0.00697,0.0101,0.00519,0.00726,0.00773,0.011,0.0097,0.00927,0.0113,0.00963,0.0104,0.0118,0.0123,0.0126,0.0128,0.0131,0.013,0.0131,0.0135,0.0133,0.0135,0.014,0.0139,0.0141,0.0145,0.0148,0.0148,0.0148,0.015,0.0149,0.0147,0.0148
ISPRS26_129,CTOA,0,0.1,0.9,None,76,0.25*215+0.25*457+0.25*459+0.25*460,30.0,1500_15_05_26,None,NaN,None,Mid-Lat Spring,FINCH_ISPRS,200.0,0.0131,0.0135,0.0142,0.0144,0.0145,0.0138,0.0142,0.0152,0.0153,0.0156,0.0159,0.016,0.0164,0.0166,0.0169,0.017,0.0171,0.0175,0.0178,0.0183,0.0186,0.0192,0.0178,0.0174,0.0187,0.0182,0.0192,0.0201,0.0202,0.0205,0.0204,0.0209,0.0212,0.0214,0.0218,0.0221,0.0218,0.0213,0.0227,0.0231,0.0233,0.0237,0.0236,0.024,0.0234,0.0205,0.0113,0.014,0.0134,0.0187,0.00966,0.0135,0.0144,0.0204,0.0181,0.0173,0.021,0.018,0.0197,0.022,0.0229,0.0233,0.0238,0.0242,0.0244,0.0247,0.0252,0.025,0.0251,0.0263,0.0262,0.0264,0.0274,0.0274,0.0275,0.0277,0.0278,0.0275,0.0275,0.0272
ISPRS26_130,CTOA,0,0.2,0.8,None,73,0.25*215+0.25*457+0.25*459+0.25*460,30.0,1500_15_05_26,None,NaN,None,Mid-Lat Spring,FINCH_ISPRS,200.0,0.0124,0.0129,0.0134,0.0136,0.0136,0.0129,0.0135,0.0142,0.0144,0.0148,0.0149,0.015,0.0154,0.0155,0.0158,0.0161,0.0162,0.0165,0.0168,0.017,0.0174,0.0183,0.0167,0.0163,0.0173,0.017,0.0181,0.0186,0.0188,0.0193,0.0193,0.0195,0.0198,0.0202,0.0205,0.0205,0.0204,0.0198,0.0212,0.0215,0.022,0.0218,0.0222,0.0224,0.0226,0.0198,0.0107,0.0131,0.0126,0.0181,0.0092,0.013,0.0139,0.0197,0.0173,0.0166,0.0201,0.0175,0.0188,0.0214,0.0219,0.0227,0.0229,0.0234,0.0234,0.024,0.0242,0.0237,0.024,0.0251,0.0251,0.0253,0.0263,0.0265,0.0266,0.0267,0.027,0.0268,0.0265,0.0265
ISPRS26_131,CTOA,0,0.2,0.8,None,76,0.25*215+0.25*457+0.25*459+0.25*460,30.0,1500_15_05_26,None,NaN,None,Mid-Lat Spring,FINCH_ISPRS,200.0,0.0172,0.0178,0.0188,0.0191,0.0191,0.0182,0.0187,0.02,0.0202,0.0206,0.0208,0.0212,0.0216,0.022,0.0222,0.0225,0.023,0.0232,0.0237,0.0241,0.0248,0.0255,0.0231,0.023,0.0246,0.0237,0.0254,0.0266,0.0268,0.0269,0.0273,0.0273,0.0278,0.0283,0.0289,0.0289,0.0288,0.0278,0.03,0.0305,0.0311,0.0307,0.0309,0.0313,0.0311,0.0265,0.015,0.0183,0.0176,0.0247,0.0127,0.0179,0.0192,0.0271,0.0241,0.0229,0.0276,0.0237,0.0259,0.0295,0.0303,0.0313,0.0314,0.0319,0.0321,0.0333,0.0333,0.0326,0.0332,0.0345,0.0343,0.0348,0.0361,0.0369,0.0368,0.0366,0.0367,0.0364,0.0363,0.0359
ISPRS26_132,CTOA,0,0.3,0.7,None,73,0.25*215+0.25*457+0.25*459+0.25*460,30.0,1500_15_05_26,None,NaN,None,Mid-Lat Spring,FINCH_ISPRS,200.0,0.0164,0.0171,0.0177,0.018,0.0181,0.0172,0.0177,0.0189,0.0189,0.0192,0.0196,0.0196,0.0201,0.0205,0.0208,0.0213,0.0213,0.0217,0.0222,0.0225,0.023,0.0239,0.0219,0.0215,0.023,0.0226,0.0239,0.0247,0.0247,0.0251,0.0255,0.0259,0.026,0.0266,0.0269,0.0275,0.027,0.0262,0.0284,0.0286,0.0288,0.0295,0.0294,0.0297,0.03,0.0263,0.0142,0.0175,0.0166,0.024,0.0122,0.0172,0.0185,0.0262,0.023,0.0219,0.0264,0.0227,0.0249,0.0283,0.0289,0.0297,0.03,0.0306,0.031,0.0316,0.0319,0.0312,0.032,0.0335,0.0332,0.0331,0.0354,0.0354,0.0352,0.0354,0.0356,0.0354,0.0352,0.035
ISPRS26_133,CTOA,0,0.3,0.7,None,76,0.25*215+0.25*457+0.25*459+0.25*460,30.0,1500_15_05_26,None,NaN,None,Mid-Lat Spring,FINCH_ISPRS,200.0,0.0199,0.0205,0.0214,0.0218,0.0218,0.0207,0.0215,0.023,0.0229,0.0237,0.0238,0.0243,0.0247,0.025,0.0255,0.0258,0.0264,0.0265,0.0271,0.0273,0.0282,0.0291,0.0265,0.0262,0.0286,0.0277,0.029,0.0301,0.0305,0.0308,0.0313,0.0316,0.0318,0.0322,0.033,0.0334,0.0329,0.0319,0.0342,0.0353,0.0357,0.0358,0.0358,0.0361,0.0354,0.0309,0.0173,0.0213,0.0203,0.0288,0.0145,0.0203,0.0221,0.0309,0.0275,0.0263,0.0314,0.0273,0.0296,0.0333,0.0349,0.0357,0.0364,0.0367,0.037,0.0379,0.0382,0.0377,0.0383,0.0399,0.0398,0.04,0.0416,0.0417,0.0421,0.0417,0.0422,0.0423,0.0421,0.0417
ISPRS26_134,CTOA,0,0.4,0.6,None,73,0.25*215+0.25*457+0.25*459+0.25*460,30.0,1500_15_05_26,None,NaN,None,Mid-Lat Spring,FINCH_ISPRS,200.0,0.0187,0.0195,0.0202,0.0205,0.0208,0.0196,0.0203,0.0215,0.0214,0.0221,0.0225,0.0228,0.0232,0.0236,0.0239,0.0242,0.0248,0.0248,0.0253,0.0258,0.0264,0.0276,0.0251,0.0247,0.0264,0.0254,0.027,0.0284,0.0283,0.0288,0.029,0.0296,0.03,0.0305,0.0305,0.0312,0.0308,0.0299,0.0321,0.0328,0.0334,0.0333,0.0336,0.0336,0.0339,0.0303,0.0161,0.0201,0.0191,0.0276,0.0141,0.0197,0.021,0.0298,0.0266,0.0252,0.0305,0.0263,0.0287,0.0325,0.0334,0.0343,0.0348,0.0352,0.0355,0.0362,0.037,0.0362,0.0367,0.0386,0.0378,0.0383,0.0401,0.0402,0.0404,0.0403,0.0409,0.041,0.0406,0.04
ISPRS26_135,CTOA,0,0.4,0.6,None,76,0.25*215+0.25*457+0.25*459+0.25*460,30.0,1500_15_05_26,None,NaN,None,Mid-Lat Spring,FINCH_ISPRS,200.0,0.0207,0.0214,0.0225,0.0229,0.0228,0.0217,0.0225,0.0238,0.0241,0.0247,0.0251,0.0253,0.0259,0.0262,0.0266,0.0271,0.0273,0.0279,0.0282,0.0289,0.0294,0.0306,0.028,0.0273,0.0296,0.0285,0.0304,0.0316,0.0317,0.0323,0.0326,0.0328,0.0333,0.034,0.0345,0.0353,0.0349,0.0335,0.036,0.0366,0.0375,0.037,0.0371,0.0375,0.0374,0.0321,0.018,0.0222,0.021,0.0299,0.0152,0.0213,0.0231,0.0324,0.0288,0.0274,0.033,0.0286,0.0311,0.0353,0.0366,0.0372,0.0376,0.0383,0.0385,0.0392,0.0399,0.0393,0.0397,0.0418,0.0414,0.0416,0.0436,0.0438,0.044,0.0433,0.0442,0.0434,0.0435,0.0432
ISPRS26_136,CTOA,0,0.5,0.5,None,73,0.25*215+0.25*457+0.25*459+0.25*460,30.0,1500_15_05_26,None,NaN,None,Mid-Lat Spring,FINCH_ISPRS,200.0,0.0196,0.0202,0.0213,0.0214,0.0215,0.0206,0.021,0.0223,0.0226,0.0231,0.0235,0.0236,0.0239,0.0245,0.0247,0.0252,0.0256,0.0259,0.0265,0.0267,0.0275,0.0289,0.0263,0.0257,0.0274,0.0267,0.0283,0.0298,0.0297,0.0298,0.03,0.0306,0.031,0.032,0.0323,0.0326,0.0321,0.031,0.0337,0.0341,0.0346,0.0347,0.0349,0.0353,0.0352,0.0318,0.0169,0.0208,0.0199,0.0288,0.0145,0.0207,0.022,0.0312,0.0276,0.0262,0.0319,0.027,0.0295,0.0336,0.0346,0.0356,0.036,0.0366,0.0371,0.038,0.0383,0.0374,0.0381,0.04,0.04,0.0397,0.0418,0.0418,0.0417,0.0422,0.0426,0.0424,0.0421,0.0419
ISPRS26_137,CTOA,0,0.5,0.5,None,76,0.25*215+0.25*457+0.25*459+0.25*460,30.0,1500_15_05_26,None,NaN,None,Mid-Lat Spring,FINCH_ISPRS,200.0,0.0196,0.0206,0.0214,0.0216,0.0219,0.0209,0.0218,0.023,0.023,0.0236,0.024,0.0242,0.0244,0.0253,0.0254,0.0258,0.0263,0.0267,0.0273,0.0275,0.0283,0.0295,0.0264,0.0262,0.0285,0.0275,0.0292,0.0303,0.0305,0.0311,0.031,0.0314,0.0324,0.0326,0.033,0.0335,0.0332,0.0318,0.0346,0.0349,0.0359,0.0354,0.0359,0.036,0.0357,0.0308,0.0172,0.0214,0.0203,0.0287,0.0145,0.0204,0.0221,0.031,0.0275,0.0262,0.0317,0.0275,0.0298,0.0338,0.035,0.0355,0.0363,0.0371,0.037,0.0378,0.0384,0.038,0.0382,0.0401,0.0398,0.0397,0.0418,0.0416,0.0418,0.0422,0.0423,0.0418,0.0417,0.0414
ISPRS26_138,CTOA,0,0.6,0.4,None,73,0.25*215+0.25*457+0.25*459+0.25*460,30.0,1500_15_05_26,None,NaN,None,Mid-Lat Spring,FINCH_ISPRS,200.0,0.0188,0.0194,0.0202,0.0205,0.0208,0.0197,0.0203,0.0214,0.0218,0.022,0.0224,0.0227,0.0231,0.0238,0.0239,0.0241,0.0247,0.0249,0.0253,0.0259,0.0263,0.0273,0.025,0.0245,0.0264,0.0257,0.0273,0.0285,0.0285,0.0291,0.0294,0.0292,0.0297,0.0304,0.031,0.0314,0.0311,0.0299,0.0323,0.0328,0.0331,0.0333,0.0337,0.0335,0.0341,0.0304,0.0161,0.0202,0.0191,0.0276,0.0139,0.0198,0.0211,0.0295,0.0264,0.025,0.0305,0.0261,0.0289,0.0324,0.0332,0.0338,0.0349,0.0352,0.0357,0.0361,0.0369,0.0363,0.0366,0.0384,0.038,0.0385,0.04,0.0404,0.0402,0.0402,0.0409,0.0403,0.0406,0.0404
ISPRS26_139,CTOA,0,0.6,0.4,None,76,0.25*215+0.25*457+0.25*459+0.25*460,30.0,1500_15_05_26,None,NaN,None,Mid-Lat Spring,FINCH_ISPRS,200.0,0.0173,0.0179,0.0188,0.0188,0.019,0.0183,0.0187,0.0199,0.0201,0.0205,0.021,0.0213,0.0217,0.0217,0.0221,0.0226,0.0228,0.0231,0.0235,0.0239,0.0248,0.0257,0.0231,0.0229,0.0246,0.0238,0.0254,0.0265,0.0266,0.0269,0.0272,0.0273,0.0277,0.0282,0.0285,0.0289,0.0285,0.0278,0.03,0.0307,0.0308,0.0309,0.0313,0.0314,0.0312,0.0266,0.015,0.0185,0.0175,0.0249,0.0126,0.0179,0.0193,0.0272,0.0239,0.0229,0.0278,0.0237,0.0259,0.0294,0.03,0.0312,0.0316,0.032,0.0321,0.033,0.0331,0.0328,0.0333,0.0345,0.0348,0.0346,0.0362,0.0363,0.0365,0.0366,0.0367,0.0366,0.0364,0.0359
ISPRS26_140,CTOA,0,0.7,0.3,None,73,0.25*215+0.25*457+0.25*459+0.25*460,30.0,1500_15_05_26,None,NaN,None,Mid-Lat Spring,FINCH_ISPRS,200.0,0.0164,0.0169,0.0177,0.0178,0.018,0.0173,0.0177,0.0189,0.0191,0.0192,0.0197,0.0198,0.0203,0.0206,0.0206,0.0213,0.0215,0.0216,0.0221,0.0226,0.023,0.0241,0.0217,0.0215,0.0232,0.0223,0.0237,0.0247,0.025,0.0249,0.0253,0.0256,0.0262,0.0265,0.027,0.0274,0.0271,0.0263,0.0282,0.0285,0.0291,0.0288,0.0292,0.0294,0.0299,0.0264,0.0141,0.0173,0.0167,0.0239,0.0123,0.0172,0.0183,0.0261,0.023,0.0222,0.0267,0.0229,0.0249,0.0281,0.029,0.0298,0.0305,0.0306,0.0309,0.0315,0.0319,0.0318,0.0321,0.0333,0.0334,0.0333,0.0347,0.0351,0.0352,0.0352,0.0355,0.0356,0.0353,0.0352
ISPRS26_141,CTOA,0,0.7,0.3,None,76,0.25*215+0.25*457+0.25*459+0.25*460,30.0,1500_15_05_26,None,NaN,None,Mid-Lat Spring,FINCH_ISPRS,200.0,0.0131,0.0135,0.0144,0.0144,0.0145,0.0137,0.0142,0.0152,0.0154,0.0155,0.0158,0.016,0.0162,0.0167,0.0169,0.017,0.0172,0.0175,0.018,0.0181,0.0185,0.0193,0.0176,0.0174,0.0187,0.0181,0.0193,0.02,0.0201,0.0205,0.0204,0.0208,0.0209,0.0215,0.0216,0.0221,0.0219,0.021,0.0227,0.0232,0.0236,0.0235,0.0234,0.0235,0.0237,0.0201,0.0112,0.014,0.0133,0.0189,0.00953,0.0134,0.0145,0.0204,0.0181,0.0174,0.0209,0.0179,0.0194,0.0223,0.0228,0.0235,0.0239,0.0242,0.0246,0.025,0.0253,0.0249,0.025,0.0263,0.0261,0.0261,0.0272,0.0277,0.0277,0.0276,0.0278,0.0274,0.0273,0.0272
ISPRS26_142,CTOA,0,0.8,0.2,None,73,0.25*215+0.25*457+0.25*459+0.25*460,30.0,1500_15_05_26,None,NaN,None,Mid-Lat Spring,FINCH_ISPRS,200.0,0.0124,0.0129,0.0136,0.0136,0.0136,0.0131,0.0134,0.0142,0.0143,0.0148,0.015,0.015,0.0153,0.0156,0.0157,0.0161,0.0161,0.0165,0.0167,0.017,0.0173,0.0182,0.0166,0.0163,0.0174,0.0171,0.0181,0.0187,0.019,0.0192,0.0194,0.0196,0.0198,0.0202,0.0203,0.0206,0.0205,0.0197,0.0213,0.0216,0.0218,0.0218,0.0222,0.0223,0.0224,0.0199,0.0106,0.0131,0.0126,0.0182,0.00914,0.0131,0.0139,0.0195,0.0174,0.0166,0.0201,0.0173,0.0188,0.0213,0.022,0.0224,0.0228,0.0232,0.0233,0.0239,0.0242,0.0241,0.0243,0.0253,0.0251,0.0251,0.0262,0.0265,0.0265,0.0264,0.0268,0.0269,0.0265,0.0267
ISPRS26_143,CTOA,0,0.8,0.2,None,76,0.25*215+0.25*457+0.25*459+0.25*460,30.0,1500_15_05_26,None,NaN,None,Mid-Lat Spring,FINCH_ISPRS,200.0,0.00728,0.00758,0.00793,0.00802,0.00805,0.00761,0.00794,0.00848,0.00855,0.00864,0.00882,0.00899,0.0092,0.0092,0.00936,0.00948,0.00965,0.0098,0.00996,0.0102,0.0104,0.0107,0.00984,0.00974,0.0104,0.0101,0.0107,0.0111,0.0112,0.0114,0.0114,0.0117,0.0117,0.0119,0.0121,0.0123,0.0122,0.0117,0.0126,0.0129,0.0131,0.013,0.0131,0.0132,0.0131,0.0113,0.0063,0.00776,0.00737,0.0105,0.00531,0.00746,0.00807,0.0114,0.0102,0.00962,0.0117,0.01,0.0109,0.0123,0.0128,0.013,0.0133,0.0135,0.0138,0.0137,0.014,0.0138,0.0139,0.0146,0.0144,0.0146,0.0151,0.0154,0.0152,0.0154,0.0155,0.0155,0.0152,0.015
ISPRS26_144,CTOA,0,0.9,0.1,None,73,0.25*215+0.25*457+0.25*459+0.25*460,30.0,1500_15_05_26,None,NaN,None,Mid-Lat Spring,FINCH_ISPRS,200.0,0.0069,0.00721,0.00752,0.0076,0.00761,0.00721,0.00744,0.00797,0.00803,0.00819,0.00824,0.00837,0.0086,0.0087,0.00884,0.00889,0.00906,0.0091,0.00935,0.00952,0.00974,0.0101,0.00929,0.00912,0.00968,0.00939,0.00995,0.0103,0.0105,0.0107,0.0107,0.0108,0.0111,0.0112,0.0112,0.0115,0.0115,0.011,0.0119,0.012,0.0122,0.0122,0.0123,0.0124,0.0125,0.0109,0.00589,0.00725,0.00701,0.0101,0.00511,0.00726,0.00778,0.0109,0.00973,0.00918,0.0112,0.00965,0.0105,0.0119,0.0122,0.0125,0.0127,0.0129,0.0131,0.0133,0.0135,0.0134,0.0134,0.014,0.0141,0.0141,0.0146,0.0148,0.0147,0.0148,0.0149,0.0149,0.0148,0.0146
ISPRS26_145,CTOA,0,0.0,1.0,None,None,215,40.0,1500_15_05_26,None,NaN,None,Mid-Lat Spring,FINCH_ISPRS,200.0,0.3,0.308,0.316,0.326,0.336,0.332,0.33,0.333,0.334,0.331,0.328,0.332,0.334,0.34,0.342,0.345,0.35,0.355,0.36,0.363,0.37,0.386,0.397,0.394,0.391,0.392,0.388,0.391,0.391,0.4,0.401,0.406,0.403,0.404,0.408,0.409,0.414,0.407,0.42,0.421,0.427,0.438,0.44,0.451,0.46,0.493,0.56,0.58,0.557,0.534,0.49,0.474,0.464,0.456,0.442,0.444,0.448,0.446,0.445,0.444,0.442,0.439,0.448,0.448,0.443,0.45,0.459,0.453,0.453,0.462,0.456,0.463,0.469,0.475,0.471,0.464,0.468,0.471,0.469,0.472
ISPRS26_146,CTOA,0,0.0,1.0,None,None,457,40.0,1500_15_05_26,None,NaN,None,Mid-Lat Spring,FINCH_ISPRS,200.0,0.334,0.337,0.349,0.361,0.365,0.362,0.363,0.361,0.364,0.36,0.363,0.361,0.366,0.368,0.374,0.376,0.38,0.383,0.389,0.394,0.403,0.42,0.427,0.425,0.423,0.421,0.415,0.419,0.421,0.422,0.422,0.427,0.424,0.43,0.43,0.435,0.437,0.426,0.438,0.448,0.447,0.456,0.455,0.468,0.483,0.521,0.57,0.709,0.658,0.601,0.525,0.501,0.492,0.486,0.469,0.468,0.473,0.471,0.466,0.463,0.459,0.46,0.466,0.458,0.468,0.471,0.469,0.467,0.472,0.482,0.475,0.472,0.478,0.481,0.481,0.482,0.482,0.483,0.487,0.487
ISPRS26_147,CTOA,0,0.0,1.0,None,None,459,40.0,1500_15_05_26,None,NaN,None,Mid-Lat Spring,FINCH_ISPRS,200.0,0.322,0.324,0.339,0.346,0.349,0.344,0.351,0.349,0.352,0.353,0.356,0.356,0.364,0.364,0.37,0.375,0.378,0.38,0.383,0.391,0.401,0.418,0.424,0.422,0.422,0.419,0.415,0.415,0.415,0.419,0.422,0.428,0.422,0.429,0.435,0.43,0.433,0.426,0.441,0.443,0.453,0.45,0.458,0.466,0.483,0.507,0.509,0.564,0.576,0.572,0.526,0.501,0.496,0.486,0.47,0.474,0.48,0.475,0.471,0.462,0.461,0.466,0.462,0.462,0.464,0.473,0.478,0.471,0.47,0.48,0.48,0.479,0.481,0.485,0.484,0.487,0.488,0.484,0.49,0.485
ISPRS26_148,CTOA,0,0.0,1.0,None,None,460,40.0,1500_15_05_26,None,NaN,None,Mid-Lat Spring,FINCH_ISPRS,200.0,0.398,0.405,0.409,0.419,0.425,0.426,0.431,0.434,0.441,0.452,0.462,0.466,0.468,0.478,0.48,0.488,0.495,0.501,0.504,0.516,0.528,0.542,0.551,0.551,0.559,0.551,0.559,0.559,0.569,0.572,0.575,0.579,0.59,0.606,0.604,0.622,0.619,0.62,0.645,0.655,0.663,0.669,0.685,0.689,0.696,0.697,0.72,0.752,0.716,0.686,0.649,0.626,0.613,0.599,0.592,0.601,0.612,0.613,0.615,0.624,0.638,0.653,0.669,0.675,0.685,0.696,0.709,0.707,0.728,0.753,0.764,0.78,0.792,0.808,0.812,0.821,0.823,0.804,0.784,0.785
ISPRS26_149,CTOA,0,1.0,0.0,None,73,None,40.0,1500_15_05_26,None,NaN,None,Mid-Lat Spring,FINCH_ISPRS,200.0,0.368,0.375,0.38,0.385,0.392,0.391,0.392,0.399,0.403,0.409,0.416,0.425,0.428,0.432,0.44,0.445,0.453,0.454,0.464,0.47,0.477,0.49,0.491,0.502,0.5,0.504,0.503,0.505,0.514,0.514,0.519,0.526,0.536,0.549,0.549,0.559,0.561,0.561,0.58,0.592,0.601,0.605,0.619,0.625,0.651,0.68,0.648,0.679,0.652,0.655,0.612,0.592,0.574,0.564,0.549,0.569,0.573,0.571,0.578,0.591,0.6,0.612,0.626,0.634,0.642,0.649,0.661,0.663,0.678,0.7,0.705,0.718,0.749,0.76,0.759,0.771,0.771,0.759,0.762,0.747
ISPRS26_150,CTOA,0,1.0,0.0,None,76,None,40.0,1500_15_05_26,None,NaN,None,Mid-Lat Spring,FINCH_ISPRS,200.0,0.425,0.429,0.437,0.453,0.457,0.457,0.452,0.456,0.457,0.451,0.451,0.456,0.463,0.465,0.463,0.478,0.478,0.485,0.488,0.502,0.508,0.537,0.538,0.534,0.536,0.528,0.526,0.523,0.538,0.533,0.538,0.542,0.538,0.538,0.547,0.552,0.55,0.543,0.552,0.564,0.574,0.576,0.583,0.588,0.603,0.617,0.641,0.711,0.723,0.698,0.642,0.62,0.616,0.611,0.584,0.584,0.596,0.585,0.585,0.572,0.576,0.577,0.581,0.576,0.578,0.59,0.592,0.587,0.588,0.597,0.595,0.589,0.605,0.604,0.603,0.605,0.601,0.608,0.603,0.608
ISPRS26_151,CTOA,0,0.0,1.0,None,None,0.25*215+0.25*457+0.25*459+0.25*460,40.0,1500_15_05_26,None,NaN,None,Mid-Lat Spring,FINCH_ISPRS,200.0,0.0077,0.00783,0.00809,0.00839,0.00849,0.00856,0.00855,0.00865,0.00872,0.00878,0.00891,0.00912,0.00919,0.00935,0.00943,0.00962,0.00972,0.0099,0.0101,0.0104,0.0106,0.011,0.0114,0.0113,0.0113,0.0113,0.0112,0.0113,0.0114,0.0116,0.0116,0.0118,0.0119,0.0121,0.0122,0.0124,0.0124,0.0123,0.0128,0.0129,0.0132,0.0134,0.0137,0.0138,0.0141,0.0144,0.0151,0.0164,0.0161,0.0154,0.0141,0.0134,0.0131,0.013,0.0125,0.0127,0.0128,0.0128,0.0128,0.0129,0.013,0.0132,0.0133,0.0134,0.0135,0.0139,0.0142,0.014,0.0143,0.0145,0.0147,0.0148,0.0152,0.0153,0.0153,0.0155,0.0155,0.0154,0.0153,0.015
ISPRS26_152,CTOA,0,0.1,0.9,None,73,0.25*215+0.25*457+0.25*459+0.25*460,40.0,1500_15_05_26,None,NaN,None,Mid-Lat Spring,FINCH_ISPRS,200.0,0.00727,0.00744,0.00765,0.00794,0.00802,0.008,0.00808,0.00801,0.00825,0.00828,0.00844,0.00849,0.00866,0.00873,0.00888,0.00895,0.00918,0.00918,0.00939,0.00953,0.00989,0.0104,0.0107,0.0107,0.0106,0.0106,0.0105,0.0106,0.0107,0.0108,0.0108,0.0111,0.011,0.0114,0.0114,0.0117,0.0116,0.0116,0.012,0.012,0.0124,0.0126,0.0128,0.013,0.0135,0.0141,0.0142,0.0153,0.0153,0.0149,0.0135,0.0131,0.0126,0.0124,0.012,0.0122,0.0124,0.0123,0.0124,0.0123,0.0125,0.0127,0.0128,0.013,0.0132,0.0133,0.0135,0.0135,0.0137,0.0139,0.0143,0.0144,0.0147,0.0148,0.0148,0.0151,0.015,0.015,0.0149,0.0149
ISPRS26_153,CTOA,0,0.1,0.9,None,76,0.25*215+0.25*457+0.25*459+0.25*460,40.0,1500_15_05_26,None,NaN,None,Mid-Lat Spring,FINCH_ISPRS,200.0,0.0137,0.0141,0.0145,0.0151,0.0151,0.0153,0.0154,0.0155,0.0156,0.0157,0.0159,0.0162,0.0165,0.0167,0.0169,0.0171,0.0174,0.0178,0.0181,0.0183,0.019,0.0198,0.0205,0.0202,0.0205,0.0202,0.0199,0.0203,0.0204,0.0206,0.0208,0.021,0.0213,0.0217,0.022,0.0222,0.0222,0.0224,0.0229,0.023,0.0239,0.0239,0.0244,0.025,0.0257,0.0257,0.0273,0.0297,0.029,0.0278,0.0253,0.0242,0.0236,0.0233,0.0226,0.0229,0.0231,0.0231,0.023,0.0231,0.0233,0.0238,0.024,0.0242,0.0246,0.0247,0.0251,0.0252,0.0255,0.0263,0.0264,0.0268,0.0274,0.0278,0.0279,0.0278,0.0279,0.0277,0.0276,0.0275
ISPRS26_154,CTOA,0,0.2,0.8,None,73,0.25*215+0.25*457+0.25*459+0.25*460,40.0,1500_15_05_26,None,NaN,None,Mid-Lat Spring,FINCH_ISPRS,200.0,0.0131,0.0134,0.0137,0.0141,0.0144,0.0144,0.0145,0.0146,0.0147,0.0147,0.0149,0.0153,0.0154,0.0158,0.016,0.0162,0.0163,0.0167,0.0169,0.0173,0.0178,0.0185,0.019,0.019,0.0189,0.0187,0.0189,0.0191,0.0192,0.0192,0.0195,0.0197,0.02,0.0202,0.0206,0.0208,0.021,0.0208,0.0216,0.0217,0.0221,0.0226,0.0228,0.0235,0.0244,0.0257,0.0254,0.0278,0.0274,0.0268,0.0244,0.0232,0.0228,0.0223,0.0215,0.0219,0.0221,0.0222,0.022,0.0222,0.0224,0.0227,0.023,0.0234,0.0235,0.024,0.0245,0.0242,0.0248,0.025,0.0251,0.0256,0.0261,0.0266,0.0269,0.0271,0.0271,0.0267,0.0267,0.0264
ISPRS26_155,CTOA,0,0.2,0.8,None,76,0.25*215+0.25*457+0.25*459+0.25*460,40.0,1500_15_05_26,None,NaN,None,Mid-Lat Spring,FINCH_ISPRS,200.0,0.0182,0.0185,0.0192,0.0199,0.02,0.0203,0.0201,0.0202,0.0206,0.0208,0.0211,0.0214,0.0219,0.0221,0.0223,0.0227,0.023,0.0235,0.0238,0.0246,0.0252,0.0261,0.0267,0.0264,0.0271,0.0267,0.0266,0.0266,0.0271,0.0272,0.0276,0.0279,0.0284,0.0286,0.0291,0.0293,0.0296,0.029,0.0305,0.0308,0.031,0.032,0.0324,0.0331,0.0336,0.0341,0.0356,0.0393,0.0384,0.0367,0.0338,0.032,0.0314,0.0306,0.03,0.0299,0.0307,0.0304,0.0301,0.0305,0.0309,0.0314,0.0318,0.0321,0.0326,0.0328,0.033,0.0334,0.034,0.0348,0.0353,0.0353,0.0364,0.0367,0.037,0.0369,0.037,0.0366,0.0365,0.0362
ISPRS26_156,CTOA,0,0.3,0.7,None,73,0.25*215+0.25*457+0.25*459+0.25*460,40.0,1500_15_05_26,None,NaN,None,Mid-Lat Spring,FINCH_ISPRS,200.0,0.0171,0.0177,0.0183,0.0186,0.0189,0.0191,0.019,0.0191,0.0194,0.0196,0.0198,0.0199,0.0204,0.0207,0.0211,0.0214,0.0214,0.0219,0.0224,0.023,0.0236,0.0248,0.025,0.0249,0.0255,0.0251,0.0247,0.0249,0.0253,0.0256,0.0258,0.0261,0.0263,0.0266,0.027,0.0275,0.0278,0.0273,0.0283,0.0288,0.0296,0.0298,0.0306,0.031,0.032,0.0337,0.0338,0.037,0.0362,0.0355,0.032,0.0308,0.0298,0.0295,0.0286,0.0289,0.0292,0.0294,0.0292,0.0294,0.0299,0.0302,0.0305,0.0309,0.031,0.0315,0.032,0.0321,0.0326,0.0336,0.0336,0.0341,0.0353,0.0355,0.0354,0.0356,0.0353,0.0355,0.0353,0.0353
ISPRS26_157,CTOA,0,0.3,0.7,None,76,0.25*215+0.25*457+0.25*459+0.25*460,40.0,1500_15_05_26,None,NaN,None,Mid-Lat Spring,FINCH_ISPRS,200.0,0.0208,0.021,0.0219,0.0228,0.0234,0.0233,0.0231,0.0233,0.0236,0.0239,0.0239,0.0244,0.0248,0.0254,0.0257,0.0261,0.0266,0.0268,0.0273,0.0278,0.0285,0.0298,0.0306,0.0307,0.0309,0.0305,0.0306,0.0308,0.0311,0.0314,0.0315,0.0323,0.0322,0.0328,0.0335,0.0336,0.0338,0.0337,0.0348,0.0354,0.0359,0.037,0.0367,0.0379,0.0388,0.0397,0.0415,0.0451,0.0442,0.0417,0.0385,0.0368,0.0359,0.0356,0.034,0.0347,0.035,0.0349,0.0348,0.0352,0.0354,0.0358,0.0362,0.0369,0.0373,0.0379,0.0385,0.0385,0.0388,0.0398,0.0404,0.0406,0.042,0.0418,0.0422,0.0424,0.0427,0.0425,0.0416,0.0413
ISPRS26_158,CTOA,0,0.4,0.6,None,73,0.25*215+0.25*457+0.25*459+0.25*460,40.0,1500_15_05_26,None,NaN,None,Mid-Lat Spring,FINCH_ISPRS,200.0,0.0196,0.0201,0.0207,0.0215,0.0218,0.0217,0.0219,0.0219,0.0223,0.0225,0.0227,0.0229,0.0232,0.0237,0.0241,0.0244,0.0247,0.025,0.0255,0.0263,0.0268,0.0283,0.0287,0.0288,0.0288,0.0287,0.0282,0.0287,0.0292,0.0294,0.0296,0.0298,0.0301,0.031,0.031,0.0316,0.032,0.0318,0.0329,0.0331,0.0338,0.0344,0.0347,0.0355,0.0369,0.0383,0.0388,0.0425,0.0419,0.0406,0.037,0.0353,0.0343,0.0337,0.0326,0.033,0.0338,0.0338,0.0336,0.0339,0.034,0.0344,0.0348,0.0354,0.0355,0.0365,0.037,0.0368,0.0377,0.0382,0.0387,0.0392,0.0402,0.0405,0.0407,0.0406,0.0409,0.0409,0.0405,0.0407
ISPRS26_159,CTOA,0,0.4,0.6,None,76,0.25*215+0.25*457+0.25*459+0.25*460,40.0,1500_15_05_26,None,NaN,None,Mid-Lat Spring,FINCH_ISPRS,200.0,0.0216,0.0219,0.0231,0.0236,0.024,0.0242,0.0242,0.0246,0.0243,0.0251,0.0253,0.0258,0.0259,0.0264,0.0268,0.0271,0.0277,0.0279,0.0285,0.0288,0.03,0.0315,0.032,0.0319,0.0326,0.032,0.0317,0.0321,0.0322,0.0327,0.033,0.0336,0.0337,0.0342,0.0349,0.0349,0.0355,0.0351,0.0362,0.0372,0.0373,0.0379,0.0391,0.0395,0.0404,0.0408,0.0433,0.0474,0.046,0.044,0.0401,0.0381,0.0371,0.0367,0.0355,0.0359,0.0366,0.0367,0.0363,0.0365,0.0369,0.0373,0.0384,0.0384,0.0391,0.0391,0.0401,0.0399,0.0405,0.0416,0.0416,0.042,0.0434,0.0439,0.0441,0.0442,0.0443,0.0441,0.0437,0.0433
ISPRS26_160,CTOA,0,0.5,0.5,None,73,0.25*215+0.25*457+0.25*459+0.25*460,40.0,1500_15_05_26,None,NaN,None,Mid-Lat Spring,FINCH_ISPRS,200.0,0.0205,0.021,0.0217,0.0223,0.0227,0.0229,0.0226,0.0229,0.0231,0.0232,0.0236,0.0241,0.0243,0.0246,0.0249,0.0255,0.0258,0.0262,0.0268,0.0271,0.0281,0.0295,0.0301,0.03,0.03,0.0298,0.0296,0.03,0.0302,0.0305,0.0308,0.0313,0.0315,0.0319,0.0325,0.033,0.0335,0.0328,0.034,0.0345,0.035,0.0358,0.0365,0.0373,0.0387,0.0406,0.0403,0.0443,0.0436,0.0424,0.0388,0.0372,0.0357,0.0352,0.034,0.0345,0.0352,0.0351,0.0349,0.0351,0.0354,0.0359,0.0363,0.0368,0.0373,0.0379,0.0386,0.0382,0.0389,0.04,0.0405,0.0406,0.042,0.0423,0.0424,0.0423,0.0428,0.0427,0.0423,0.0422
ISPRS26_161,CTOA,0,0.5,0.5,None,76,0.25*215+0.25*457+0.25*459+0.25*460,40.0,1500_15_05_26,None,NaN,None,Mid-Lat Spring,FINCH_ISPRS,200.0,0.021,0.0212,0.0218,0.0227,0.0232,0.0232,0.0231,0.0233,0.0235,0.024,0.0243,0.0245,0.0249,0.0254,0.0256,0.0263,0.0263,0.0271,0.0272,0.028,0.0286,0.0301,0.0308,0.0308,0.0309,0.0309,0.0305,0.0307,0.0313,0.0314,0.0317,0.0319,0.0325,0.033,0.0334,0.0338,0.0341,0.0336,0.0348,0.0353,0.0358,0.0368,0.0374,0.0379,0.0388,0.039,0.0411,0.0449,0.0443,0.0422,0.0388,0.037,0.0358,0.0352,0.034,0.0345,0.0347,0.0346,0.035,0.0349,0.0355,0.0361,0.0364,0.0368,0.0373,0.038,0.0384,0.0381,0.0386,0.0404,0.0405,0.0408,0.0415,0.0421,0.0418,0.0424,0.0425,0.0425,0.0417,0.0416
ISPRS26_162,CTOA,0,0.6,0.4,None,73,0.25*215+0.25*457+0.25*459+0.25*460,40.0,1500_15_05_26,None,NaN,None,Mid-Lat Spring,FINCH_ISPRS,200.0,0.0198,0.0201,0.0208,0.0215,0.0218,0.0218,0.0216,0.0221,0.0221,0.0222,0.0227,0.0229,0.0231,0.0236,0.024,0.0243,0.0248,0.025,0.0258,0.0264,0.027,0.0285,0.0288,0.029,0.0289,0.0287,0.0285,0.0288,0.0292,0.0296,0.0295,0.0299,0.0304,0.0305,0.0311,0.0315,0.0317,0.0316,0.0329,0.0332,0.0335,0.0339,0.0348,0.0356,0.0368,0.0387,0.0389,0.0424,0.0415,0.0408,0.0369,0.0353,0.0342,0.0341,0.0327,0.0328,0.0339,0.0337,0.0337,0.0337,0.0342,0.0341,0.035,0.0357,0.0357,0.0366,0.0366,0.0369,0.0375,0.0383,0.0387,0.0394,0.0402,0.0407,0.0406,0.0411,0.0413,0.0409,0.0405,0.0406
ISPRS26_163,CTOA,0,0.6,0.4,None,76,0.25*215+0.25*457+0.25*459+0.25*460,40.0,1500_15_05_26,None,NaN,None,Mid-Lat Spring,FINCH_ISPRS,200.0,0.018,0.0184,0.0191,0.02,0.0201,0.0202,0.0202,0.0204,0.0205,0.0209,0.0213,0.0215,0.0217,0.0222,0.0222,0.0227,0.0233,0.0234,0.0241,0.0242,0.0249,0.0264,0.0267,0.0266,0.0269,0.0266,0.0266,0.0269,0.0269,0.0271,0.0276,0.0278,0.028,0.0285,0.029,0.0295,0.0293,0.0296,0.0304,0.0307,0.031,0.0317,0.032,0.0331,0.0339,0.0344,0.0358,0.039,0.0382,0.0371,0.0332,0.032,0.0314,0.0307,0.0295,0.0301,0.0306,0.0303,0.0307,0.0305,0.0308,0.0314,0.0317,0.032,0.0328,0.033,0.0334,0.0335,0.0337,0.0349,0.0352,0.0351,0.0361,0.0368,0.037,0.0367,0.0368,0.0367,0.0362,0.0363
ISPRS26_164,CTOA,0,0.7,0.3,None,73,0.25*215+0.25*457+0.25*459+0.25*460,40.0,1500_15_05_26,None,NaN,None,Mid-Lat Spring,FINCH_ISPRS,200.0,0.0171,0.0175,0.0181,0.0188,0.019,0.0191,0.0188,0.019,0.0193,0.0195,0.0199,0.0199,0.0205,0.0207,0.0209,0.0212,0.0216,0.022,0.0222,0.0228,0.0234,0.0244,0.025,0.025,0.0251,0.025,0.0248,0.0253,0.0251,0.0254,0.0258,0.0262,0.0265,0.0267,0.0273,0.0275,0.0277,0.0275,0.0285,0.0288,0.0292,0.0297,0.0306,0.0311,0.032,0.0337,0.0337,0.0368,0.0362,0.0353,0.0324,0.031,0.0298,0.0294,0.0283,0.0288,0.0295,0.0291,0.0291,0.0292,0.0295,0.0302,0.0306,0.031,0.0315,0.0317,0.0323,0.0319,0.0325,0.0332,0.0339,0.0341,0.0351,0.0355,0.0349,0.0357,0.0357,0.0358,0.0351,0.0351
ISPRS26_165,CTOA,0,0.7,0.3,None,76,0.25*215+0.25*457+0.25*459+0.25*460,40.0,1500_15_05_26,None,NaN,None,Mid-Lat Spring,FINCH_ISPRS,200.0,0.0138,0.014,0.0145,0.015,0.0154,0.0151,0.0152,0.0155,0.0156,0.0158,0.0158,0.0162,0.0164,0.0167,0.0168,0.0171,0.0175,0.0177,0.018,0.0185,0.0188,0.0198,0.0205,0.0201,0.0204,0.02,0.0201,0.0202,0.0205,0.0206,0.0207,0.0212,0.0212,0.0216,0.022,0.0223,0.0226,0.0221,0.0229,0.0235,0.0235,0.0238,0.0245,0.0249,0.0253,0.0257,0.0272,0.0294,0.0291,0.0279,0.0251,0.0242,0.0235,0.0232,0.0224,0.0227,0.0231,0.0233,0.023,0.0231,0.0233,0.0235,0.0239,0.0242,0.0247,0.0251,0.0253,0.0252,0.0255,0.0261,0.0266,0.0267,0.0275,0.0277,0.0277,0.028,0.0279,0.0276,0.0274,0.0271
ISPRS26_166,CTOA,0,0.8,0.2,None,73,0.25*215+0.25*457+0.25*459+0.25*460,40.0,1500_15_05_26,None,NaN,None,Mid-Lat Spring,FINCH_ISPRS,200.0,0.0131,0.0132,0.0137,0.0142,0.0145,0.0143,0.0144,0.0145,0.0147,0.0149,0.015,0.0152,0.0154,0.0158,0.0159,0.0162,0.0164,0.0166,0.0168,0.0172,0.0178,0.0186,0.0191,0.019,0.0191,0.0189,0.0189,0.0189,0.0193,0.0193,0.0194,0.0198,0.0201,0.0202,0.0204,0.0206,0.0208,0.0207,0.0213,0.0221,0.022,0.0225,0.0226,0.0233,0.0241,0.0254,0.0253,0.0279,0.0273,0.0266,0.0242,0.0235,0.0228,0.0222,0.0217,0.0219,0.0222,0.0223,0.0222,0.0221,0.0224,0.0226,0.023,0.0233,0.0235,0.024,0.0241,0.0242,0.0245,0.0252,0.0254,0.0257,0.0263,0.0267,0.0267,0.0267,0.0269,0.0265,0.0266,0.0265
ISPRS26_167,CTOA,0,0.8,0.2,None,76,0.25*215+0.25*457+0.25*459+0.25*460,40.0,1500_15_05_26,None,NaN,None,Mid-Lat Spring,FINCH_ISPRS,200.0,0.00766,0.00791,0.00814,0.0083,0.00843,0.0085,0.00857,0.00859,0.00863,0.00886,0.00896,0.00906,0.0092,0.00932,0.00945,0.00959,0.0098,0.0099,0.00998,0.0103,0.0106,0.0112,0.0113,0.0114,0.0114,0.0113,0.0112,0.0114,0.0114,0.0116,0.0116,0.0117,0.0119,0.0121,0.0122,0.0124,0.0125,0.0123,0.0128,0.0129,0.0131,0.0134,0.0136,0.0139,0.0141,0.0143,0.0152,0.0163,0.0161,0.0153,0.0141,0.0135,0.0132,0.013,0.0126,0.0127,0.0128,0.0128,0.0128,0.0129,0.013,0.0132,0.0134,0.0136,0.0137,0.0139,0.0142,0.0141,0.0142,0.0147,0.0148,0.0148,0.0153,0.0154,0.0155,0.0155,0.0156,0.0154,0.0153,0.0151
ISPRS26_168,CTOA,0,0.9,0.1,None,73,0.25*215+0.25*457+0.25*459+0.25*460,40.0,1500_15_05_26,None,NaN,None,Mid-Lat Spring,FINCH_ISPRS,200.0,0.00729,0.00744,0.0077,0.00804,0.00796,0.00814,0.0081,0.00805,0.00816,0.00826,0.00841,0.00855,0.00866,0.00875,0.00886,0.00898,0.00917,0.00931,0.00942,0.00974,0.00989,0.0105,0.0106,0.0106,0.0106,0.0105,0.0105,0.0107,0.0107,0.0108,0.0108,0.011,0.0112,0.0113,0.0114,0.0116,0.0117,0.0116,0.0118,0.0122,0.0124,0.0124,0.0128,0.013,0.0135,0.014,0.0141,0.0154,0.0154,0.0149,0.0136,0.013,0.0126,0.0125,0.0121,0.0121,0.0124,0.0124,0.0124,0.0123,0.0125,0.0127,0.0128,0.0129,0.0132,0.0133,0.0135,0.0135,0.0137,0.0141,0.0142,0.0144,0.0147,0.0148,0.015,0.0149,0.0151,0.0149,0.015,0.0147
